bea_detail_code,steel_share,aluminum_share,copper_share,other_metal_share,metal_share
1111A0,0.004023549705388331,9.108242746807644e-4,0.00246066279387287,9.557632260580348e-4,0.0083508
1111B0,0.008473943006072517,0.001797448680710951,0.005188496107097656,0.0020433122061188757,0.0175032
111200,0.004840187237808823,0.001727586649609072,0.0027202408655193897,0.0010523852470627159,0.0103404
111300,0.002870647960996684,0.0010861369876406732,0.0016871649962044706,6.527500551581724e-4,0.0062967000000000006
111400,0.004242937556029048,9.465055683834213e-4,0.0024280279850542982,9.349288905332331e-4,0.008552400000000002
111900,0.0070446746641559055,0.0014830427182792633,0.004026256563987606,0.0015918260535772244,0.0141458
112120,0.009156614384148522,0.001995992160044219,0.00631328185674196,0.0024828115990652992,0.0199487
1121A0,0.008612642119711559,0.001364749121117837,0.0020222972602187902,8.090114989518131e-4,0.0128087
112300,0.005024853194171625,0.001697798848760947,0.002201658389209668,9.367895678577596e-4,0.0098611
112A00,0.0024161978502015642,5.596620426915338e-4,0.0015810526403446123,6.251874667622895e-4,0.0051821
113000,0.0014098429635771156,3.591309324917461e-4,6.822462629636563e-4,2.7367984096748194e-4,0.0027248999999999997
114000,0.005831455593890568,0.0021375985281138284,0.002097230356674106,9.77015521321498e-4,0.011043299999999999
115000,0.0017038585828328483,5.021496581051806e-4,7.453767363928042e-4,2.9241502266916686e-4,0.0032438
211000,0.022323860812900373,0.0018579544731610338,0.0028083738016346366,0.001200510912303954,0.028190699999999996
212100,0.020496735708089943,0.003384784358720621,0.0041721550427050716,0.0019820248904843653,0.030035700000000002
212230,0.014311810051499672,0.0020218357745901278,0.0025883372586602955,0.0012229169152499055,0.0201449
2122A0,0.03077498170782645,0.003643452808113947,0.0042926475122029815,0.0020904179718566197,0.040801500000000004
212310,0.01854805475474672,0.0023369853554309422,0.003030531336610795,0.0013143285532115398,0.025229899999999996
2123A0,0.029979593206580148,0.003064327760789523,0.00420245813390707,0.0017783208987232559,0.039024699999999996
213111,0.02436603221930665,0.0029630097846404385,0.004560459447368273,0.00224039854868464,0.0341299
21311A,0.014856149111443282,0.0023573041853512705,0.003152738398937054,0.001620808304268394,0.021987000000000003
221100,0.003829007397138511,8.173057345018083e-4,0.001006590700705252,3.8979616765442884e-4,0.006042700000000001
221200,0.004745549922256859,0.0012107055258880203,0.0015437375229110308,5.5130702894409e-4,0.008051299999999999
221300,0.01118481785404497,0.0031240921793603106,0.004498477521352536,0.0019181124452421826,0.020725499999999997
233210,0.023683440021851947,0.005937666189410621,0.007285499710060514,0.002067994078676917,0.0389746
233262,0.022611232002438118,0.0061501285334331825,0.0070187847183301125,0.002126254745798585,0.03790639999999999
230301,0.021051601004403737,0.006696515526868683,0.009400448413917755,0.0027073350548098224,0.0398559
230302,0.013696044797681278,0.00435412235466127,0.006768293731581613,0.0017931391160758419,0.026611600000000003
2332A0,0.03410042227168463,0.009492984061252811,0.0093707218077022,0.002921871859360363,0.055886000000000005
233412,0.017680132393679777,0.00432907328762849,0.005738584332272435,0.0016624099864193018,0.0294102
2334A0,0.021739881684217897,0.006518509614658833,0.008447397598795203,0.002422311102328068,0.0391281
233230,0.02684370497886291,0.010904107628964627,0.007594843276827988,0.002505644115344472,0.047848299999999996
2332D0,0.02570338277800396,0.007247053148077157,0.00731107120934912,0.0022251928645697643,0.0424867
233240,0.01935281871207566,0.003686279906807288,0.009240476472142068,0.0019276249089749825,0.03420719999999999
233411,0.01500118708232254,0.004961797701385113,0.006164115911341451,0.001728399304950896,0.027855500000000002
2332C0,0.02829177841230313,0.004951816291785907,0.006226576732496566,0.0019057285634143982,0.04137590000000001
321100,0.008347306619376911,0.002949884864802218,0.002834541455502164,0.0012006670603187056,0.015332399999999998
321200,0.010477516590607493,0.0034748537816449584,0.0029860290085760143,0.0013783006191715346,0.018316700000000002
321910,0.011219448677706226,0.005335841682936759,0.003350388940860732,0.0015049206984962835,0.021410600000000002
3219A0,0.02091990104217743,0.009347564636396867,0.0067961482753702,0.0027482860460555057,0.0398119
327100,0.012111663825451213,0.0021992487966074996,0.002437370094761113,9.586172831801749e-4,0.0177069
327200,0.006036507425468778,0.003620617566647945,0.008242390596794586,0.0015405844110886913,0.019440100000000002
327310,0.006442997449516487,0.001576880011114182,0.0016546530610391792,6.804694783301519e-4,0.010355
327320,0.009968497925748944,0.002291160261747898,0.0027172523632495015,0.001099989449253656,0.016076899999999998
327330,0.04218133065400984,0.0033927546392794206,0.0038475365172855906,0.00191467818942515,0.0513363
327390,0.08498551722704795,0.011708391619193658,0.007728003247645831,0.0043478879061125695,0.1087698
327400,0.008331606345847849,0.001851979949302689,0.001891666934285336,8.432467705641256e-4,0.0129185
327910,0.015566764471335086,0.0019839239115382445,0.0034284442991940403,0.00148756731793263,0.022466700000000003
327991,0.009915653642073814,0.0020393672672485265,0.0019914577953306567,9.014212953470011e-4,0.014847899999999999
327992,0.0665832795108109,0.0042390284638952535,0.005601700325732038,0.0026993916995618054,0.0791234
327993,0.011357545608494854,0.0074559236951980195,0.004895992855555589,0.001899937840751538,0.0256094
327999,0.009174995492978023,0.0024902801115578577,0.0021865305170141744,8.983938784499447e-4,0.014750200000000002
331110,1.192274886177405,0.025251599715607698,0.055464241608049754,0.028168472498937617,1
331200,1.0072637961061401,0.022361650884231237,0.04826937931698961,0.026370073692639048,1
331313,0.03366675990798276,1.2985505564873836,0.02485989949834294,0.009379984106290673,1
33131B,0.025829371793256405,1.6025299075555637,0.09836865975130779,0.028941260899872315,1
331410,0.016605482089624684,0.016711060284927207,1.1472503471607822,0.44282331046466594,1
331420,0.017440425067366934,0.02401229713349202,1.8060658433717904,0.19756163442735053,1
331490,0.04918831551570827,0.06449278480299071,0.3058696553287483,1.0472876443525527,1
331510,1.0835318331872574,0.021719680716300108,0.05661470589708716,0.02564128019935527,1
331520,0.2569381509571041,0.5632706601078135,0.3225684424685239,0.14470564646655856,1
332114,0.38907333279974693,0.11031437621505644,0.030378182842886212,0.019077508142310396,0.5488433999999999
33211A,0.22600317869527561,0.05939695848466748,0.043070251219076504,0.1064553116009804,0.43492569999999997
332119,0.2953755398623043,0.04954716085965522,0.037550773721827815,0.017037025556212632,0.39951049999999994
332200,0.1729058308533123,0.03388696585004175,0.019528909212851112,0.011990094083794856,0.23831180000000002
332310,0.3699988616523744,0.02897534377442371,0.038744297296011344,0.012556597277190535,0.45027510000000004
332320,0.24090922064094425,0.09367302023137707,0.02718784806870453,0.014290911058974174,0.376061
332410,0.15627720608275278,0.10831254069692459,0.05145946580137181,0.013795187418950836,0.3298444000000001
332420,0.2608593257844066,0.044145277957367904,0.04440079179076017,0.012653504467465262,0.36205889999999996
332430,0.08469897300475507,0.4809760909276776,0.03098045845458721,0.012314977612980149,0.6089705000000001
332500,0.15935002704345264,0.062401323844972025,0.03423921479516853,0.04002303431640683,0.2960136
332600,0.3005861219654337,0.025851574803495914,0.03440742188202788,0.013848181349042435,0.37469329999999995
332710,0.10616839128639556,0.05004276961786828,0.02618763021178691,0.010910508883949252,0.19330930000000002
332720,0.20173340407493587,0.04738373802892659,0.04381914239647648,0.019601315499661064,0.31253759999999997
332800,0.06590780572390272,0.03137342415640685,0.012599667117573581,0.013924103002116847,0.123805
332913,0.12186841230101536,0.03806546456299571,0.2660453758609611,0.0453274472750278,0.47130669999999997
33291A,0.12317582095828947,0.02011474740941496,0.040741170331308946,0.01159306130098664,0.19562480000000002
332991,0.08943876811626503,0.00862413969100197,0.008560413797335568,0.005875678395397421,0.11249899999999997
332996,0.24061125880003156,0.022831007037892228,0.07410467593974436,0.018993858222331843,0.3565408
33299A,0.046893909807291446,0.02123847107697611,0.07831533605647299,0.02037468305925946,0.1668224
332999,0.20934153930580277,0.14080631375127411,0.07489662471403104,0.019541722228892052,0.44458619999999993
333111,0.16615520487564567,0.01116214983492171,0.027002692606460557,0.010725352682972089,0.2150454
333112,0.09879670664968832,0.016527653468427106,0.02705958819747187,0.011740551684412705,0.1541245
333120,0.1596346077802575,0.013890317725634236,0.020621688246538046,0.008880386247570218,0.203027
333130,0.16901891730797738,0.016137010734100628,0.019260501901859066,0.021728770056062892,0.22614519999999996
333242,0.06063128431123936,0.02747345620834039,0.024875017683601102,0.011329841796819153,0.12430960000000002
33329A,0.10331319645686751,0.03196953466168609,0.016983675932678303,0.008300692948768113,0.16056710000000002
333314,0.02360397423107923,0.029675232473024338,0.03348975605453807,0.00625713724135836,0.09302609999999999
333316,0.009841679699349164,0.004830697882956372,0.0074864751586808664,0.0027074472590135983,0.0248663
333318,0.07970352216945792,0.02752055465294927,0.021688844560274957,0.00893257861731785,0.1378455
333414,0.17934210541293016,0.015181046259958931,0.036368117209217704,0.009764631117893205,0.24065589999999998
333415,0.11336183672698902,0.058267981930242164,0.07952257787898089,0.01618240346378794,0.26733480000000004
333413,0.11270190359804304,0.03661570552113329,0.09666969414563936,0.019382996735184312,0.2653703
333511,0.09497641013639142,0.0632250684324546,0.02019702960463428,0.010910191826519706,0.1893087
333514,0.09367520822300873,0.07394913853827706,0.025265905853370067,0.01805924738534414,0.2109495
333517,0.10560644390957032,0.01846333931359526,0.01657186517084175,0.008978051605992677,0.14961970000000002
33351B,0.08587623040640066,0.02807082581729355,0.01813828322967031,0.020988260546635485,0.1530736
333611,0.07963771553492531,0.028829935486334606,0.014732179733787938,0.010110469244952144,0.1333103
333612,0.0782570413712708,0.015218368469303759,0.044448421334045224,0.009346268825380222,0.14727010000000001
333613,0.14238376642008108,0.020294567176611482,0.04327348924942291,0.011629377153884532,0.2175812
333618,0.12912282213224555,0.04076235496200674,0.04278358630515528,0.024760836600592428,0.23742959999999996
333912,0.1311608584242758,0.037061972714089154,0.019466724171100288,0.009271544690534752,0.1969611
333914,0.08346261025991535,0.03244550813415471,0.014863385445275533,0.007522196160654409,0.13829370000000002
333920,0.21314490572423292,0.019120200284986642,0.022843091591886976,0.012447102398893468,0.2675553
333991,0.12071453970473786,0.022567112301378575,0.07058009457947548,0.017495553414408088,0.2313573
333993,0.03316199484270263,0.014845412486515882,0.007351330804213087,0.0037216618665684023,0.059080400000000005
333994,0.09663868388694573,0.05467743098330792,0.01409586819088789,0.00846581693885846,0.1738778
33399A,0.14318413531476812,0.034139079994472625,0.02426960124058836,0.010237183450170924,0.21183000000000002
33399B,0.13116056400553663,0.026597109324025946,0.016226818385287015,0.009504008285150417,0.1834885
334111,0.0025048898213443143,0.0013307871093320496,0.0031135376832511,0.0014913853860725368,0.0084406
334112,0.01449175948335894,0.006289055133771363,0.006517825531316337,0.0031223598515533607,0.030421
334118,0.00693210720860025,0.0076660363154406885,0.006763615867756424,0.0031422406082026364,0.024503999999999998
334210,0.02451121907531724,0.00645428895743625,0.008658900664308453,0.01103249130293806,0.050656900000000005
334220,0.010902243053289629,0.007312235067621179,0.015187495933913213,0.00578772594517598,0.0391897
334290,0.019826639418463476,0.008870608822699081,0.011904175349761587,0.004417276409075855,0.045018699999999995
334413,0.005520483343618739,0.0021444614052605147,0.031006395708195605,0.013363259542925143,0.05203460000000001
334418,0.009789004177162568,0.013545867437230132,0.025327119643903728,0.011767308741703574,0.060429300000000005
33441A,0.019794768233647442,0.010212003401117956,0.048304214415747664,0.022615213949486932,0.1009262
334510,0.017385627429312187,0.005549047703316721,0.03728551547780251,0.008713009389568585,0.0689332
334511,0.007276603531278696,0.0046018923222993875,0.0083320454394708,0.004030458706951118,0.024241
334512,0.024089031545092506,0.0075798228375635575,0.01714538534684601,0.013757660270497924,0.0625719
334513,0.01514606717763507,0.006395108977227814,0.009325340666646195,0.004407283178490921,0.0352738
334514,0.021349033181545175,0.010403483691869709,0.024113382491465423,0.013695500635119692,0.0695614
334515,0.010072172561574583,0.004246791147881024,0.008389809031147775,0.0028831272593966184,0.025591899999999997
334516,0.016030456320043535,0.01111744050079196,0.01840535426669348,0.0051942489124710296,0.0507475
334517,0.03230022512874918,0.009573289436475318,0.031627293146650734,0.008599292288124763,0.0821001
33451A,0.00986686647036895,0.004142441559313773,0.010458516687353044,0.0037674752829642308,0.028235299999999998
334300,0.018743869638736258,0.004275600959563992,0.009475562408970855,0.004532866992728895,0.0370279
334610,0.00194487550329975,9.379558909621493e-4,0.001229955584050918,5.44313021687183e-4,0.0046571
335110,0.0031426744331222427,0.002117355550998939,0.006733731886904779,0.01790263812897404,0.0298964
335120,0.060279739062254936,0.10729720131081968,0.03584987246047052,0.01357408716645485,0.21700090000000002
335210,0.03615319724407252,0.012830992808767722,0.019208625143244503,0.006692584803915256,0.0748854
335220,0.10327150985923027,0.023476526102577364,0.0226975858659701,0.01030667817222227,0.1597523
335311,0.09598351883011845,0.014369195874082858,0.20754112603918096,0.03168145925661774,0.34957530000000003
335312,0.06672306242234353,0.019606608009640217,0.0651263689474183,0.015979460620597952,0.16743550000000001
335313,0.11130977514137892,0.03311515135465236,0.0910344292891381,0.0428297442148306,0.27828909999999996
335314,0.05885157759709803,0.01879522244113793,0.026311052100154428,0.016573247861609613,0.1205311
335911,0.06962960777926692,0.010949789339894862,0.3116299148235978,0.12968988805724035,0.5218992
335912,0.03055189465855589,0.0072361355775659945,0.025496381479632416,0.0509313882842457,0.1142158
335920,0.018408496398225824,0.08318865422591507,0.4913903292946193,0.05913062008123985,0.6521181
335930,0.07943166659973723,0.0361009487368762,0.0463000057233414,0.018172778940045164,0.18000539999999998
335991,0.01793765194489928,0.0028444663671186635,0.0024777598244778132,0.001385921863504243,0.024645799999999995
335999,0.029203167729414906,0.021549087446917897,0.0660890396917614,0.04721720513190579,0.1640585
336111,0.07097055754768845,0.01931898656045788,0.02212854976389793,0.008434706127955733,0.1208528
336112,0.09867187994147719,0.0318304029705177,0.030715422172693782,0.011861794915311322,0.1730795
336120,0.07482268116747118,0.02811056838728466,0.028528195298331255,0.011031355146912909,0.1424928
336211,0.12287400143880117,0.06647873028644279,0.02934264682062087,0.00930262145413518,0.22799800000000003
336212,0.11061743173462132,0.15098572064236404,0.02544283360273503,0.010179214020279584,0.2972252
336213,0.013909357861731786,0.011768052452697863,0.003540427283368383,0.0014025624022019683,0.0306204
336214,0.06716031189131612,0.03979612422119005,0.013492208132899993,0.005662355754593846,0.126111
336310,0.10795382983520567,0.054112590987111714,0.04741104511492744,0.020989934062755174,0.2304674
336320,0.05788805350438475,0.028128821649475347,0.12816575200664473,0.026406972839495165,0.24058960000000001
336350,0.12105540038675108,0.042745349405510134,0.07299806676328015,0.026094083444458644,0.2628929
336360,0.026342980449110685,0.009177583049089617,0.010679348982108016,0.005027687519691682,0.051227600000000005
336370,0.4109235827594473,0.05250185472189286,0.04290769575293629,0.014942566765723546,0.5212757
336390,0.10165014227849974,0.026660299355139715,0.026848066957530684,0.010030691408829864,0.1651892
3363A0,0.17719949449309788,0.05029372754623232,0.09938671740118993,0.027159060559479857,0.354039
336411,0.05161120446957848,0.009363446907493751,0.009073194095846776,0.0034646545270809953,0.07351250000000001
336412,0.020285535429839168,0.0054634108045300694,0.004375430538806688,0.003928123226824075,0.0340525
336413,0.05338801341784866,0.029635001871283508,0.010253957778590044,0.004241126932277783,0.0975181
336414,0.015052895577968826,0.006626615607996268,0.004846530205282175,0.003882558608752732,0.0304086
33641A,0.019211611820160256,0.010263318512244917,0.007522233918363263,0.003998135749231566,0.0409953
336500,0.17146388557401646,0.013115042348896159,0.023572417247750832,0.011089954829336553,0.2192413
336611,0.032308620046669,0.033890124013467776,0.01047289919945532,0.01174575674040791,0.08841740000000001
336612,0.04851077115813671,0.07440737423233394,0.016624883409491566,0.008351871200037773,0.1478949
336991,0.05899062559114669,0.11638363989961575,0.02808946697512979,0.012396767534107761,0.2158605
336992,0.1684723931502498,0.265761180225077,0.0225245828160418,0.008859943808631355,0.4656181
336999,0.09204985166895983,0.03293152571298666,0.0169043066407732,0.007866115977280314,0.14975180000000002
337110,0.01181234261010915,0.013020335287824623,0.0036477465104737795,0.0018307755915924484,0.0303112
337121,0.04600954917754724,0.046203465127025584,0.007856838156478831,0.0038035475389483395,0.10387339999999999
337122,0.017818622653482857,0.013965491538066073,0.0036348214562814114,0.0018198643521696594,0.0372388
337127,0.06256533939990683,0.057166110396514785,0.008908099893348759,0.004186650310229637,0.1328262
33712N,0.07886172879662733,0.13115829615223457,0.012974363609573254,0.005357411441564861,0.22835180000000002
337215,0.11483519703027475,0.05682559955335253,0.011461878025320919,0.005538525391051796,0.1886612
33721A,0.05909716012012958,0.03238646909989985,0.007684624244699548,0.003921046535271018,0.10308930000000001
337900,0.02515016212355497,0.03033757925778661,0.005386922141226713,0.002113436477431706,0.06298809999999999
339112,0.021662537494976992,0.004704789393979917,0.0044751026845074714,0.002538070426535621,0.03338050000000001
339113,0.025827772415531722,0.006299739477039111,0.005368184042332948,0.004215804065096219,0.0417115
339114,0.014556628065752636,0.006107685540865421,0.08307888971687233,0.03515689667650962,0.1389001
339115,0.008267180331067901,0.0027670670818140484,0.002370099415069127,0.0013131531720489223,0.0147175
339116,0.010968834981936978,0.0041777423860424896,0.0974357311326857,0.040307891499334836,0.1528902
339910,0.0077939189195007676,0.0043742238806324975,0.13849515123581713,0.05540280596404962,0.2060661
339920,0.03799088435406495,0.034817550085139384,0.008821992002048496,0.004599073558747169,0.0862295
339930,0.008316816967684012,0.0027260926197671966,0.0022333786744736695,9.735117380751202e-4,0.014249799999999998
339940,0.012937976003140766,0.00530377933505098,0.0031813047996690183,0.001440239862139239,0.0228633
339950,0.06285386476375099,0.007856703381801866,0.011588818751137092,0.006632213103310051,0.0889316
339990,0.057819964768472704,0.013632672020492887,0.012610968733818648,0.013730094477215762,0.0977937
311111,0.008628118702632238,0.02758224262942524,0.0034815765067789575,0.001610862161163562,0.041302799999999994
311119,0.0066411185046505545,0.0026278359329820777,0.003042201708467019,0.001433543853900348,0.0137447
311210,0.006554105256783497,0.004518205054575388,0.0030813433064129756,0.0011973463822281393,0.015351
311221,0.006638342138598405,0.002241223675881928,0.0027727971909450124,0.0010872369945746547,0.0127396
311225,0.004803118702632238,0.0021135426294252423,0.0022133765067789577,8.465621611635617e-4,0.0099766
311224,0.004514311758117629,0.0018142739521020365,0.0022512351948762496,8.657790949040849e-4,0.0094456
311230,0.005795357979444376,0.0036307922913936413,0.002543052376093877,0.0016939973530681052,0.0136632
311300,0.006582916760258908,0.0043606486459419865,0.00261020391079862,0.0014017306830004857,0.0149555
311410,0.0051048028712296885,0.0027878112912955747,0.0022129212869932044,8.75364550481532e-4,0.0109809
311420,0.012232281424853966,0.03430481061523238,0.0051928730256230425,0.002079734934290619,0.0538097
311513,0.008524022224467511,0.0040894976743425845,0.0045841219808866445,0.0019481581203032593,0.019145799999999998
311514,0.009615659983199954,0.0063361785778601925,0.004487274746934437,0.0019946866920054164,0.0224338
31151A,0.008025829145373564,0.005760423158210677,0.004255313379381575,0.001830534317034184,0.0198721
311520,0.008902538268016878,0.004860041624988484,0.003942901947029003,0.002184218159965634,0.019889699999999996
311615,0.00423017206645528,0.0018837363424832171,0.001741609798211231,7.593817928502725e-4,0.008614900000000002
31161A,0.005555918914779055,0.0015187552419414752,0.001751301253135563,7.385245901439066e-4,0.0095645
311700,0.005182780533771297,0.006493742416948236,0.002110224196062621,0.0012840528532178461,0.0150708
311810,0.0049959158975065076,0.0028523922798039864,0.002134254977327531,8.213368453619753e-4,0.0108039
3118A0,0.006487678803544783,0.003946561045981213,0.002696276346438889,0.001257483804035115,0.014388
311910,0.006512780533771297,0.005675242416948235,0.002745724196062621,0.0011714528532178461,0.0161052
311920,0.00835276556984286,0.0060786360836475916,0.0037090678924295117,0.0016826304540800373,0.019823100000000003
311930,0.005185341714304771,0.006792898450849462,0.0023263476982318017,0.0013539121366139652,0.0156585
311940,0.007325787709319569,0.006189398261551766,0.0029816901850481564,0.0013632238440805095,0.0178601
311990,0.005495560355554763,0.004506648777291409,0.0025083744301505366,0.0011019164370032915,0.013612499999999998
312110,0.017973035576212215,0.07090843860395177,0.010507280001934911,0.004223345817901097,0.10361209999999998
312120,0.012746661006160348,0.05220379253091317,0.005101898617265019,0.001953447845661457,0.0720058
312130,0.004708785078566964,0.0020283114149185605,0.001764293540500891,6.838099660135847e-4,0.009185200000000001
312140,0.004001835835245956,0.001473561474798444,0.0015269801007936768,5.478225891619226e-4,0.007550199999999999
312200,0.004887696558433818,0.015121811812830045,0.0017639042314787573,7.308873972573792e-4,0.022504299999999998
313100,0.005309615449604317,0.0015141238613164065,0.0021980555712065425,8.908051178727336e-4,0.009912599999999999
313200,0.005608125642425137,0.0025601426680574254,0.0018980678360001097,7.768638535173282e-4,0.0108432
313300,0.005725607425468778,0.002337817566647945,0.0020492905967945856,8.506844110886913e-4,0.010963400000000002
314110,0.005736564047041452,0.0018167986865057786,0.0019325948064808293,8.040424599719405e-4,0.01029
314120,0.006193334326609683,0.0028414299937296996,0.002139556962889661,9.391787167709571e-4,0.012113500000000001
314900,0.019273766786393413,0.004324964223032508,0.003965541052703873,0.0016387279378702044,0.029203
315000,0.002168512385114657,7.884745122686899e-4,7.451094685829551e-4,3.536036340336985e-4,0.004055700000000001
316000,0.0084949496301711409,0.005718802184204191,0.0024444875452813764,0.0011401606403432915,0.0177984
322110,0.01149149555436027,0.0042832724145411534,0.003341180291874397,0.00143585173922418,0.0205518
322120,0.015342092970824778,0.007391971954818176,0.0039613834741426875,0.001705351600214359,0.028400799999999997
322130,0.015482447885779491,0.006350914897164101,0.004261889747612976,0.001882147469443429,0.0279774
322210,0.013169515751463648,0.0072959406089620725,0.003749129988512704,0.001611613651061576,0.0258262
322220,0.013449316010827578,0.05938353960838853,0.007132154561684865,0.0026600898190990247,0.0826251
322230,0.014009915100858064,0.007000096855340305,0.003921505801398221,0.0017507822424034105,0.0266823
322291,0.013728815081971218,0.007145622300576214,0.003911705870671999,0.0016315567467805687,0.0264177
322299,0.012471431573422774,0.0066020346697096945,0.003575285242935346,0.001601248513932185,0.02425
323110,0.007704686624976928,0.005374992005515487,0.0023727165398573515,0.0010260048296502333,0.0164784
323120,0.010733050398489317,0.0040147857765217366,0.002501836825121353,0.001107526999867594,0.0183572
324110,0.015645952336140936,0.0016435111213139696,0.002265059438420135,9.373771041249596e-4,0.020491899999999997
324121,0.012043127184113388,0.002175754619963329,0.0035458408526750146,0.0013954773432482666,0.0191602
324122,0.009992097034666277,0.0025404920634637617,0.0028564035336890795,0.0011351073681808831,0.0165241
324190,0.08092086883703592,0.006521060767829495,0.005672238776046594,0.0024789316190879963,0.0955931
325110,0.00932273214848098,0.0013595802042750966,0.0017065097071449398,6.995779400989843e-4,0.0130884
325120,0.006953256451921257,0.0021421862555608055,0.0021248293074636387,8.93227985054298e-4,0.0121135
325130,0.015602243487026686,0.00367269757003569,0.006323545391989534,0.0018278135509480898,0.0274263
325180,0.012895419820026859,0.0038715293562986805,0.005720100030740652,0.0026359507929338104,0.025123000000000003
325190,0.008437577280743375,0.0025529236488394,0.0025231032604902063,0.001028695809927018,0.0145423
325211,0.007987203314410168,0.002240211071092132,0.0024327707104326375,0.0010016149040650631,0.013661800000000002
3252A0,0.006551528037422369,0.0019492737087192838,0.0020736898207829916,8.680084330753561e-4,0.011442500000000001
325411,0.00234236097783008,0.001049580698767039,0.0015153987211756863,6.023596022271949e-4,0.0055097
325412,0.0012293880816743783,5.33668460982981e-4,9.720898682642559e-4,3.9435358907838466e-4,0.0031295
325413,0.0023624774598382135,0.0013886557905184735,0.0013112781280759226,5.217886215673902e-4,0.005584199999999999
325414,0.0018643004526239012,9.498370571786025e-4,0.0012069493888025443,4.64113101394952e-4,0.0044852
325310,0.005959890278689927,0.0016486928052016749,0.0015501370547351995,6.401798613731991e-4,0.009798900000000001
325320,0.006575074013550321,0.004246498964657496,0.0020085323768731247,8.11394644919059e-4,0.0136415
325510,0.015841063231506164,0.009563228707278005,0.004155045699825297,0.0015744623613905342,0.031133800000000003
325520,0.011657682094346396,0.005916928923618231,0.003674597143463748,0.001616591838571626,0.022865800000000002
325610,0.011832476469929798,0.0063536223083026505,0.003779104136516229,0.0016029970852513222,0.023568199999999997
325620,0.00946708662497693,0.003291392005515487,0.0027736165398573515,0.0011577048296502333,0.0166898
325910,0.012197682513918317,0.008575385509959673,0.004204896653495403,0.0016108353226266053,0.026588799999999996
3259A0,0.011031356937597138,0.006241203783576567,0.004119628575037072,0.0015537107037892227,0.022945899999999998
326110,0.008148538904457327,0.010083979462537184,0.00315357618609882,0.0012908054469066683,0.022676899999999996
326120,0.008211382518640028,0.0028733541486506966,0.00409794663617696,0.001297416696532316,0.0164801
326130,0.007196803757590646,0.003833110850888689,0.002581020133872071,0.0010955652576485945,0.0147065
326140,0.007913169482919787,0.00297413588276024,0.002772612980479521,0.0012062816538404519,0.014866200000000001
326150,0.012987473414883561,0.004627510236636979,0.005027657999255752,0.0017668583492237077,0.0244095
326160,0.0073334707794092445,0.0027057547513127515,0.0022523113720269317,9.206630972510726e-4,0.0132122
326190,0.015113428966278727,0.007400191016531603,0.007253638511795859,0.0020494415053938122,0.0318167
326210,0.02733746796484009,0.00314786712430945,0.0033135898772123943,0.0015264750336380652,0.0353254
326220,0.043966955636385974,0.007222816276333034,0.005818280200808106,0.0038933478864728913,0.06090140000000001
326290,0.08407474054057981,0.011509664188263541,0.008831848856404836,0.004412846414751815,0.10882910000000001
423100,0.002958347102965994,0.0012001492601936958,0.0021085660454149375,7.297375914253724e-4,0.006996799999999999
423400,0.001877991777882778,6.905870088883738e-4,8.648602272761043e-4,3.052609859527439e-4,0.0037387
423600,0.00250419634156529,9.139305616227894e-4,0.0012864295024405965,4.5994359437132395e-4,0.0051645
423800,0.0048922516713702175,0.0013019614516191342,0.0016433853032609856,5.641015737496628e-4,0.008401700000000002
423A00,0.004588064047041452,0.0013538986865057785,0.0019955948064808294,9.043424599719405e-4,0.0088419
424200,0.003041095690959706,0.0012478868080010223,0.005462205315326114,0.0023375121857131583,0.012088699999999999
424400,0.004268459945426264,0.0016682294683320108,0.0021564748854819927,7.144357007597333e-4,0.0088076
424700,0.0010213538117252309,4.1856213154555476e-4,4.822326975532621e-4,1.6795135917595244e-4,0.0020901
424A00,0.002627469883604865,0.0010630179143375916,0.0012295125597849542,4.327996422725893e-4,0.0053528000000000004
425000,0.0036276434445312845,0.0012887798218164854,0.002324795547855534,7.964811857966963e-4,0.0080377
4200ID,0,0,0,0,0
441000,0.0031288490689478808,0.0010128864371320655,0.0016381885548030534,5.688759391170005e-4,0.006348799999999999
445000,0.003448093107424214,0.0011454863482780447,0.0015587084975944036,5.414120467033375e-4,0.0066936999999999995
452000,0.0025391731319110745,7.914680437554048e-4,9.973835126758136e-4,3.4867531165770697e-4,0.0046767
444000,0.0025826434256444393,8.273052670523942e-4,0.0012898956171293117,4.3875569017385474e-4,0.0051386
446000,0.002690908278777757,8.640366554038995e-4,0.0011761395649025628,3.970155009157809e-4,0.0051281
447000,0.0040191698977699985,0.00129562383041066,0.0017678625078296208,6.254437639897205e-4,0.007708099999999999
448000,0.0031677434114793053,9.887993509793257e-4,0.001159945669084645,4.469115684567235e-4,0.0057634
454000,0.00287810937256382,0.0010357801888222237,0.0015061131754564789,5.307972631574776e-4,0.005950800000000001
4B0000,0.0030160110886251995,0.0010497556437161783,9.782110770355445e-4,4.3832219062307765e-4,0.0054823
481000,0.0036127850549584075,7.272682214634465e-4,8.251436270931132e-4,3.212030964850327e-4,0.0054864
482000,0.015409983777355796,0.001597123907675026,0.002306745166271925,9.502471486972534e-4,0.020264100000000004
483000,0.019040348220360614,0.0035985359870671337,0.003355789569376632,0.0014947262231956213,0.027489399999999997
484000,0.006773456998979385,0.0020382960865598636,0.0024467783498972944,9.26668564563458e-4,0.012185200000000002
485000,0.008200280807300361,0.002142347332447765,0.003132798717279449,0.0010920731429724263,0.0145675
486000,0.011872072467140355,0.0011714183740605692,0.0015226093775166636,4.985997812824101e-4,0.015064699999999999
48A000,0.008004178803544783,0.001930661045981213,0.0020864763464388887,8.60983804035115e-4,0.0128823
492000,0.004701739743601174,0.0014159926352200697,0.0013183752061621304,5.055924150166268e-4,0.0079417
493000,0.00795724260538744,0.002046866649133599,0.002842896527792224,9.497942176867379e-4,0.013796800000000001
511110,0.0021088132620321917,9.537367944797582e-4,8.953083500987102e-4,3.299415933893401e-4,0.0042878
511120,0.00241000067421414,9.233869470768811e-4,9.625741005222609e-4,3.641382781867176e-4,0.0046600999999999995
511130,0.002750428876566213,0.00126778688140217,0.0012171888408463022,4.397954011853146e-4,0.0056752
5111A0,0.00421968965641461,0.0019943608837260443,0.0021272127637100503,7.201366961492959e-4,0.0090614
511200,0.0015744427467085874,6.337496812844904e-4,0.0011861715339254954,4.2563603808142675e-4,0.0038200000000000005
512100,0.0010458095563803693,3.6548096919231994e-4,4.3863802572375086e-4,1.5207144870356005e-4,0.0020020000000000003
512200,8.622099853957141e-4,4.699748329158086e-4,3.081375011185173e-4,1.2047768056996008e-4,0.0017608
515100,0.005195663844338057,0.0015254233513715913,0.0019611700254873353,5.935427788030165e-4,0.009275799999999999
515200,0.006918608990765587,0.0018338727120089627,0.0026650135268772683,7.886047703481817e-4,0.0122061
517110,0.0035272041488323014,0.0015827556050839952,0.0024995197478143924,0.0013634204982693112,0.0089729
517210,0.005541817175109119,0.002466336593592407,0.006265153438148719,0.0016169927931497545,0.0158903
517A00,0.003231113691047536,0.001537630658203247,0.0026337078254934764,0.00136194782525574,0.008764399999999999
518200,0.0029900624959097763,0.001132549457217829,0.0018521218244428133,6.026662224295813e-4,0.006577400000000001
519130,0.0028921603272244957,0.0016688369451452719,0.0010399745340612034,3.870281935690293e-4,0.005988
5191A0,8.013431757239324e-4,3.2374354500797905e-4,3.5057100932026184e-4,1.2874226994782673e-4,0.0016044
522A00,0.0015641023997189426,5.844996793528812e-4,7.158719674644377e-4,2.488259534637384e-4,0.0031133
52A000,0.0013054130262768182,4.6218098850841143e-4,6.202336903343269e-4,2.1017229488044328e-4,0.0025979999999999996
523900,0.0015355019659818866,5.338371769383698e-4,7.147225093881158e-4,2.45738347691628e-4,0.0030298
523A00,0.001029963782955811,3.66431048388295e-4,5.452202506271126e-4,1.763849180287813e-4,0.002118
524113,0.0010717583612426093,3.942997682069021e-4,4.8655202467308753e-4,1.6408984587740127e-4,0.0021167
5241XX,9.030232190976381e-4,3.2619979524943016e-4,3.8804595512789404e-4,1.3743103052503777e-4,0.0017547
524200,4.947828673862819e-4,1.9208115462679824e-4,2.499964059852808e-4,8.543957200163907e-5,0.0010222999999999999
525000,0.0018023587997013763,6.503309093124363e-4,8.79351465430965e-4,3.0595882555522206e-4,0.0036379999999999997
531HSO,8.708093347901298e-4,2.9473107929404145e-4,4.1291331400403425e-4,1.1834627191179447e-4,0.0016968
531HST,5.171637782340997e-4,1.6146240969727228e-4,2.24370267945557e-4,7.680354412307092e-5,9.797999999999999e-4
531ORE,0.006737190495558454,0.0016061740564089306,0.0019258117837733604,6.819236642592543e-4,0.010951099999999998
532100,0.004132613521396121,0.0012156357939062188,0.0017758329232708714,6.233177614267889e-4,0.007747400000000001
532400,0.005173702866507978,0.001326342652604552,0.0018428713043116488,6.225831765758216e-4,0.0089655
532A00,0.001711665093610402,5.203558330138749e-4,6.660685902191897e-4,2.450104831565333e-4,0.0031431
533000,0.001301410645444721,5.645558639196213e-4,5.795616535961115e-4,2.010718370395465e-4,0.0026466
541100,0.0011097201829382449,3.8376227834785014e-4,4.9019974859364e-4,1.7461779012026496e-4,0.0021582999999999997
541511,0.0016282566262943844,7.129497585488564e-4,0.0018557541923677997,4.258394227889596e-4,0.004622800000000001
541512,0.004441882669404599,0.0020594744581836338,0.005720321607673342,0.0011669212647384254,0.013388599999999999
54151A,0.0024362427514302985,0.0010508183199755131,0.0026075215166070508,7.699174119871371e-4,0.006864499999999999
541200,0.001320190033491131,4.828997218482825e-4,6.380624296077051e-4,2.3194781505288153e-4,0.0026731000000000003
541300,0.006465946890819177,0.002038636647677463,0.004227541299058332,0.0014101751624450275,0.014142299999999998
541610,0.001721745141705819,6.466807219463489e-4,8.614935187083775e-4,2.867806176394547e-4,0.0035167
5416A0,0.00193077094906066,7.145496156097793e-4,0.0010069862742495368,3.5849316108002376e-4,0.0040108
541700,0.0037041282259606284,0.0017064431277804028,0.0014791646537318194,6.44163992527149e-4,0.007533899999999999
541800,0.003504267281182528,0.0014188428998505231,0.001281315811327022,4.691740076399269e-4,0.0066736
541400,0.0043199069775665885,0.0020221491481603655,0.0014388911906735968,6.346526835994497e-4,0.0084156
541920,0.0023350577200804477,0.0010308932919671804,8.884278029217157e-4,3.2662118503065646e-4,0.004581000000000001
541940,0.0021490312526765997,0.0036492433672999374,9.132108949029623e-4,3.930144851205011e-4,0.007104500000000001
5419A0,0.0033901139268029097,0.0016090864641745938,0.0026867824852578595,8.758171237646369e-4,0.0085618
550000,0.001811421710461364,6.270683141806856e-4,7.586228172238781e-4,3.1068715813407216e-4,0.0035077999999999997
561300,0.00140015164303995,5.275496194729976e-4,7.406854071716519e-4,2.4671333031540043e-4,0.0029151
561700,0.011682022347232004,0.004186282280309176,0.00598402153060709,0.0019101738418517296,0.0237625
561100,0.002034377464559925,7.683244292094964e-4,0.001128828110757478,3.928699954731006e-4,0.004324399999999999
561200,0.006094976615972658,0.0018566739791445648,0.0035238291253310563,0.0011904202795517214,0.012665899999999999
561400,0.003930938244408321,0.0016474984315333707,0.0020356520336212254,6.795112904370819e-4,0.008293599999999998
561500,0.002720252307810668,0.001010799289167833,0.001275059542330802,4.3338886069069725e-4,0.0054395
561600,0.006507100707266119,0.0013607674179140403,0.00235362397929315,9.759078955266904e-4,0.011197400000000001
561900,0.003421395280831206,0.0014174674990416248,0.0015719057706575692,5.537314494695999e-4,0.006964499999999999
562000,0.018137158913022446,0.005517278237896983,0.005644651049788298,0.0021916117992922717,0.0314907
611100,0.003388932794364852,0.0013392553192058411,0.001335683911577867,4.995279748514394e-4,0.0065634
611A00,0.002269918245286626,9.48736933555617e-4,0.0010325771352948578,3.668676858628993e-4,0.0046181
611B00,0.005798936924310308,0.0013001363695257454,0.0014735037286660374,6.663229774979091e-4,0.009238900000000001
621100,0.002076164443004818,6.585120793921078e-4,0.0010633444031047069,3.691790744983677e-4,0.0041672
621200,0.0017247290792696073,6.153622165363574e-4,0.005168513621839796,0.0021125950823542385,0.0096212
621300,0.0016122130262768183,4.455809885084114e-4,6.018336903343269e-4,2.2137229488044329e-4,0.0028810000000000003
621400,0.002474866177953042,7.140620890501535e-4,9.864422354099948e-4,3.4772949758680934e-4,0.0045230999999999995
621500,0.0016242019707035976,6.124058156293926e-4,0.0010639724920696715,3.619197215973384e-4,0.0036625000000000004
621600,0.002120991994751306,7.682682600956295e-4,9.840349563142651e-4,3.437047888387991e-4,0.004216999999999999
621900,0.004752251242354873,0.0015422675878956455,0.0018143858278662191,6.410953418832627e-4,0.00875
622000,0.0034463909198520887,0.0012101992814413966,0.0013481612764865713,5.078485222199439e-4,0.0065126
623A00,0.0025294549055112935,0.001175005664963879,0.0010107063081071783,3.6903312141764927e-4,0.0050842
623B00,0.0023569000188868447,8.457745547640911e-4,8.835999307262224e-4,3.065254956228416e-4,0.0043928
624100,0.0036781850832886755,0.001305880053609583,0.001958143523182447,6.86991339919295e-4,0.007629200000000001
624400,0.005190959690784046,0.001786699107596573,0.003310000294991387,0.0012111409066279948,0.0114988
624A00,0.014815501225993977,0.003832765416766962,0.0049096731256374725,0.002080060231601588,0.025637999999999998
711100,0.0021520661779530423,6.573620890501535e-4,6.907422354099947e-4,2.585294975868093e-4,0.0037587
711200,0.0013445490358959017,4.912059662949062e-4,4.655386760321645e-4,1.7460632177702758e-4,0.0024759
711500,0.0014553253877829188,5.741123073219873e-4,3.52993245509504e-4,1.354690593855898e-4,0.0025179
711A00,0.002352924312883701,6.477433286677544e-4,7.029195656818102e-4,2.5711279276673457e-4,0.0039607
712000,0.0022745932959624747,7.543557673391638e-4,8.682833305432313e-4,3.2326760615513034e-4,0.0042205
713100,0.0025555596766189113,0.002884093191523505,0.0013755503469467202,0.0013476967849108637,0.0081629
713200,0.005863595266666071,0.0019055615829685563,0.0024086558226129027,0.0010241873277524688,0.011201999999999998
713900,0.008191926505177539,0.0021372990341954256,0.002170016769471198,0.0011813576911558386,0.013680600000000001
721000,0.003711387666824167,0.0022018805133325607,0.0014510403409141565,4.886914789291158e-4,0.007853
722110,0.0032042969921708742,0.0017794743152445567,0.0015439536895550795,5.252750030294895e-4,0.007053
722211,0.0037231184715985767,0.002189155462144918,0.0015545518296961299,6.110742365603753e-4,0.0080779
722A00,0.0019486637923992337,0.0010430683257703405,8.757202159902238e-4,3.4604766584020214e-4,0.0042135
811100,0.015041391269588911,0.005524054673156874,0.00858138446923508,0.0028421695880191363,0.031989000000000004
811200,0.003200225406669764,9.671868620860786e-4,0.0036594931762357263,0.0015097945550084314,0.009336700000000002
811300,0.014441985451251964,0.0040112577429295675,0.004989117698030386,0.002463939107788083,0.0259063
811400,0.008871231111355451,0.0028958603351490458,0.008479535888769691,0.003564172664725812,0.0238108
812100,0.005006187878970984,0.0011630931258487939,0.0011774650872707617,5.104539079094607e-4,0.0078572
812200,0.0038875587949796656,7.491622706214135e-4,6.763014827494095e-4,4.975774516495117e-4,0.005810600000000001
812300,0.008190026538229518,0.002071279505032585,0.0023526666482420874,9.699273084958113e-4,0.013583900000000003
812900,0.003731009806300876,0.001129542691236735,0.001492762633532801,5.32384868929588e-4,0.0068857
813100,0.0020711948093204598,6.639558870989311e-4,7.442564511288026e-4,2.582928524518064e-4,0.0037377
813A00,0.0033655041913277024,0.0011479733533032003,0.0015088695919483928,5.536528634207048e-4,0.006576
813B00,0.004503966847445471,0.0015499803974360117,0.0019870663532507,5.860864018678166e-4,0.008627099999999999
814000,0,0,0,0,0
S00500,0.0076324864033866895,0.0027729421156172085,0.003612791828137635,0.0013108796528584678,0.015329100000000002
S00600,0.0032342434162010167,0.0012048679896703488,0.0029243956517662007,0.001052292942362434,0.0084158
491000,0.008252961411897325,0.002842619329761342,0.004024872653565404,0.0014462466047759285,0.0165667
S00102,0.007438141945338433,0.004387885618129786,0.0035617723753146296,0.0012482000612171514,0.016636
GSLGE,0.0023216047994378854,8.187993587057625e-4,9.254439349288755e-4,3.321519069274768e-4,0.004398
GSLGH,0.004675133006511669,0.0018493679317220743,0.0018231086579344727,6.994904038317843e-4,0.0090471
GSLGO,0.004499975753220257,0.0014565176130065644,0.001919980191859968,6.57526441913211e-4,0.008534000000000002
S00203,0.012409429574388911,0.003472917021934165,0.004998012854776341,0.0021385405489005842,0.023018900000000002
S00401,0.12411785163019559,0.07158834821771909,0.028177633356380568,0.01331286679570476,0.2371967
S00402,0,0,0,0,0
S00300,0,0,0,0,0
S00900,0.0032342434162010167,0.0012048679896703488,0.0029243956517662007,0.001052292942362434,0.0084158
