"Total Requirements, Industry-by-Commodity - Summary"
"Total Requirements, Industry-by-Commodity - Summary"

,Industries/Commodities,111CA,113FF,211,212,213,22,23,321,327,331,332,333,334,335,3361MV,3364OT,337,339,311FT,313TT,315AL,322,323,324,325,326,42,441,445,452,4A0,481,482,483,484,485,486,487OS,493,511,512,513,514,521CI,523,524,525,HS,ORE,532RL,5411,5415,5412OP,55,561,562,61,621,622,623,624,711AS,713,721,722,81,GFGD,GFGN,GFE,GSLG,GSLE,Used,Other
,Industry Description,Farms,"Forestry, fishing, and related activities",Oil and gas extraction,"Mining, except oil and gas",Support activities for mining,Utilities,Construction,Wood products,Nonmetallic mineral products,Primary metals,Fabricated metal products,Machinery,Computer and electronic products,"Electrical equipment, appliances, and components","Motor vehicles, bodies and trailers, and parts",Other transportation equipment,Furniture and related products,Miscellaneous manufacturing,Food and beverage and tobacco products,Textile mills and textile product mills,Apparel and leather and allied products,Paper products,Printing and related support activities,Petroleum and coal products,Chemical products,Plastics and rubber products,Wholesale trade,Motor vehicle and parts dealers,Food and beverage stores,General merchandise stores,Other retail,Air transportation,Rail transportation,Water transportation,Truck transportation,Transit and ground passenger transportation,Pipeline transportation,Other transportation and support activities,Warehousing and storage,"Publishing industries, except internet (includes software)",Motion picture and sound recording industries,Broadcasting and telecommunications,"Data processing, internet publishing, and other information services","Federal Reserve banks, credit intermediation, and related activities","Securities, commodity contracts, and investments",Insurance carriers and related activities,"Funds, trusts, and other financial vehicles",Housing,Other real estate,Rental and leasing services and lessors of intangible assets,Legal services,Computer systems design and related services,"Miscellaneous professional, scientific, and technical services",Management of companies and enterprises,Administrative and support services,Waste management and remediation services,Educational services,Ambulatory health care services,Hospitals,Nursing and residential care facilities,Social assistance,"Performing arts, spectator sports, museums, and related activities","Amusements, gambling, and recreation industries",Accommodation,Food services and drinking places,"Other services, except government",Federal general government (defense),Federal general government (nondefense),Federal government enterprises,State and local general government,State and local government enterprises,"Scrap, used and secondhand goods",Noncomparable imports and rest-of-the-world adjustment
111CA,Farms,1.3109840,0.1351286,0.0011070,0.0017628,0.0010168,0.0010038,0.0028632,0.0202884,0.0041602,0.0023836,0.0017792,0.0013768,0.0006591,0.0018989,0.0023812,0.0008586,0.0053498,0.0035359,0.3731089,0.0341832,0.0211470,0.0073382,0.0057850,0.0019592,0.0253374,0.0096024,0.0014291,0.0016413,0.0021167,0.0011417,0.0009648,0.0021332,0.0014509,0.0026658,0.0008166,0.0009375,0.0006133,0.0011069,0.0006049,0.0006075,0.0008200,0.0008431,0.0011145,0.0007655,0.0010059,0.0004923,0.0009901,0.0001596,0.0022061,0.0011302,0.0005424,0.0009372,0.0024493,0.0011769,0.0023751,0.0030047,0.0095065,0.0027293,0.0068442,0.0081493,0.0202884,0.0034238,0.0204314,0.0072553,0.0307861,0.0016659,0.0039762,0.0009816,0.0024430,0.0172243,0.0018272,0.0092341,0.0009816
113FF,"Forestry, fishing, and related activities",0.0731470,0.9856951,0.0003794,0.0020675,0.0005728,0.0005761,0.0043175,0.1295853,0.0016985,0.0021053,0.0013901,0.0012540,0.0005019,0.0019159,0.0022503,0.0006209,0.0158609,0.0037323,0.0281785,0.0035303,0.0098754,0.0262702,0.0040929,0.0004611,0.0026238,0.0087371,0.0009150,0.0004864,0.0021707,0.0003869,0.0005423,0.0005172,0.0057470,0.0005671,0.0005092,0.0006229,0.0003806,0.0005965,0.0003859,0.0002725,0.0002909,0.0004792,0.0005785,0.0002792,0.0003903,0.0002336,0.0003547,0.0001623,0.0012656,0.0006167,0.0002107,0.0003083,0.0006384,0.0003937,0.0007037,0.0008930,0.0015234,0.0007214,0.0014158,0.0011206,0.0022995,0.0005626,0.0028653,0.0024306,0.0065147,0.0008544,0.0006885,0.0004542,0.0006046,0.0034711,0.0013612,0.0069555,0.0004542
211,Oil and gas extraction,0.0186430,0.0060808,1.0777933,0.0174330,0.0076063,0.0527508,0.0163343,0.0112497,0.0124423,0.0175170,0.0094228,0.0079771,0.0025418,0.0113923,0.0081850,0.0037159,0.0096225,0.0082707,0.0122684,0.0179473,0.0055155,0.0139748,0.0122854,0.6416913,0.0510534,0.0201550,0.0041304,0.0046407,0.0060598,0.0031763,0.0039020,0.0567392,0.0211041,0.0457709,0.0369502,0.0207964,0.0068015,0.0238280,0.0128954,0.0025683,0.0022622,0.0031234,0.0033735,0.0036642,0.0061957,0.0012634,0.0057727,0.0009386,0.0081365,0.0049918,0.0013637,0.0026045,0.0039414,0.0029406,0.0057470,0.0144813,0.0130698,0.0057482,0.0087749,0.0052936,0.0049542,0.0038730,0.0169622,0.0048767,0.0061248,0.0047450,0.0100435,0.0036200,0.0152492,0.0233657,0.0639675,0.0163214,0.0036200
212,"Mining, except oil and gas",0.0058357,0.0010694,0.0039273,1.0843549,0.0037743,0.0115152,0.0158653,0.0036687,0.0899126,0.0674095,0.0194733,0.0102360,0.0020075,0.0147724,0.0110989,0.0040982,0.0071209,0.0056616,0.0048585,0.0059074,0.0021823,0.0105490,0.0033970,0.0066491,0.0133081,0.0071033,0.0009954,0.0010957,0.0015189,0.0008522,0.0009761,0.0017080,0.0030972,0.0022028,0.0015351,0.0024287,0.0018745,0.0021798,0.0011375,0.0007273,0.0007807,0.0016643,0.0027544,0.0006290,0.0012314,0.0004240,0.0010969,0.0005695,0.0022650,0.0011767,0.0004145,0.0007270,0.0019274,0.0008944,0.0021919,0.0028627,0.0029804,0.0013610,0.0017891,0.0013787,0.0019540,0.0027560,0.0071795,0.0018622,0.0021747,0.0030828,0.0018803,0.0065727,0.0012387,0.0025371,0.0172700,0.0110482,0.0065727
213,Support activities for mining,0.0012100,0.0003766,0.0616072,0.0238605,1.0200804,0.0032808,0.0013534,0.0007714,0.0026421,0.0024846,0.0022262,0.0007665,0.0002207,0.0010935,0.0007880,0.0003684,0.0007938,0.0006352,0.0008438,0.0011813,0.0003748,0.0010817,0.0008064,0.0371382,0.0032200,0.0013550,0.0002663,0.0002973,0.0003869,0.0002049,0.0002515,0.0033125,0.0012957,0.0027194,0.0021729,0.0012612,0.0004689,0.0014277,0.0007762,0.0001684,0.0001498,0.0002339,0.0002616,0.0002278,0.0003886,0.0000842,0.0003607,0.0000687,0.0005259,0.0003224,0.0000896,0.0001739,0.0002856,0.0001990,0.0003864,0.0009297,0.0008216,0.0003640,0.0005514,0.0003392,0.0003436,0.0002853,0.0011410,0.0003324,0.0004094,0.0003527,0.0006434,0.0003561,0.0009091,0.0014091,0.0040765,0.0012327,0.0003561
22,Utilities,0.0283385,0.0052768,0.0220101,0.0336836,0.0057695,0.7911940,0.0122862,0.0198147,0.0371079,0.0343276,0.0229485,0.0142571,0.0060755,0.0186995,0.0165983,0.0137116,0.0182710,0.0108103,0.0224504,0.0250475,0.0140209,0.0392747,0.0220786,0.0181862,0.0205019,0.0264872,0.0091895,0.0152098,0.0264376,0.0192230,0.0136816,0.0114558,0.0053678,0.0099704,0.0161106,0.0095076,0.0271195,0.0089889,0.0169653,0.0047394,0.0062171,0.0136356,0.0106631,0.0057593,0.0071476,0.0029874,0.0141311,0.0009529,0.0242573,0.0074573,0.0038392,0.0040904,0.0070586,0.0089513,0.0075491,0.0179489,0.0172930,0.0082414,0.0133016,0.0171485,0.0100043,0.0102376,0.0207131,0.0225481,0.0225484,0.0124088,0.0102677,0.0054690,0.0247502,0.0151437,0.0607760,0.0199641,0.0054690
23,Construction,0.0103040,0.0030230,0.0067852,0.0428735,0.0165348,0.0474567,1.0057558,0.0091183,0.0185982,0.0176340,0.0123030,0.0080054,0.0034110,0.0090481,0.0086149,0.0053748,0.0090038,0.0062518,0.0099660,0.0090426,0.0045909,0.0157411,0.0104257,0.0138655,0.0076557,0.0105143,0.0071203,0.0113047,0.0153263,0.0120549,0.0100400,0.0067702,0.0371928,0.0093817,0.0086143,0.0214176,0.0397813,0.0173282,0.0104031,0.0038505,0.0041670,0.0090038,0.0063952,0.0086928,0.0093696,0.0039192,0.0081161,0.0284480,0.0405158,0.0081098,0.0037450,0.0027277,0.0057597,0.0065944,0.0052319,0.0096539,0.0112375,0.0056497,0.0117860,0.0102807,0.0081813,0.0073579,0.0371828,0.0203429,0.0103521,0.0133278,0.0190093,0.0050002,0.0102166,0.0200924,0.1569389,0.0151803,0.0050002
321,Wood products,0.0052851,0.0021219,0.0017757,0.0072638,0.0035640,0.0035225,0.0372495,1.2478867,0.0070290,0.0120627,0.0077617,0.0067490,0.0028259,0.0108842,0.0126044,0.0032257,0.1303032,0.0125015,0.0052334,0.0054173,0.0025948,0.0379132,0.0063714,0.0019402,0.0027465,0.0139817,0.0056207,0.0024586,0.0050474,0.0019771,0.0031109,0.0012449,0.0540297,0.0021403,0.0029866,0.0024617,0.0023490,0.0027061,0.0022325,0.0011725,0.0014157,0.0027576,0.0034735,0.0011001,0.0015786,0.0007592,0.0013394,0.0012684,0.0082059,0.0031903,0.0008353,0.0009186,0.0020269,0.0014092,0.0027391,0.0026802,0.0024971,0.0019827,0.0030573,0.0020643,0.0050418,0.0017012,0.0047457,0.0056513,0.0033949,0.0042406,0.0021531,0.0016353,0.0017848,0.0040679,0.0093218,0.0409276,0.0016353
327,Nonmetallic mineral products,0.0021623,0.0006470,0.0066615,0.0177947,0.0079262,0.0055731,0.0456271,0.0102777,1.1256605,0.0191084,0.0101526,0.0084072,0.0019216,0.0160648,0.0180225,0.0033952,0.0097459,0.0071153,0.0057804,0.0045129,0.0070084,0.0057736,0.0024845,0.0065024,0.0042466,0.0113546,0.0012444,0.0020501,0.0018533,0.0010629,0.0015768,0.0015689,0.0032406,0.0022671,0.0020197,0.0027507,0.0026185,0.0023903,0.0015519,0.0007635,0.0006614,0.0036440,0.0020513,0.0008754,0.0013169,0.0006163,0.0011481,0.0014387,0.0031801,0.0029051,0.0005176,0.0010351,0.0030048,0.0010569,0.0021342,0.0038382,0.0018199,0.0029304,0.0036930,0.0018475,0.0036487,0.0010813,0.0051263,0.0020510,0.0036198,0.0035607,0.0024528,0.0023182,0.0015361,0.0028187,0.0183453,0.0072204,0.0023182
331,Primary metals,0.0111728,0.0031153,0.0487424,0.0264850,0.0144013,0.0118019,0.0383863,0.0249925,0.0401644,1.4112331,0.3548285,0.1834761,0.0299878,0.2578712,0.1792192,0.0638462,0.1000216,0.0662478,0.0194543,0.0209002,0.0098032,0.0356387,0.0169409,0.0328283,0.0120296,0.0322867,0.0056710,0.0051224,0.0050659,0.0031017,0.0042944,0.0063806,0.0191470,0.0152781,0.0096062,0.0084313,0.0129561,0.0100905,0.0076886,0.0029574,0.0020741,0.0094246,0.0064852,0.0020464,0.0036927,0.0015744,0.0032731,0.0015156,0.0086500,0.0063913,0.0015322,0.0048579,0.0059984,0.0036365,0.0084649,0.0225660,0.0075465,0.0042655,0.0065146,0.0044620,0.0107510,0.0032372,0.0122676,0.0060186,0.0063254,0.0177964,0.0167748,0.0097029,0.0088770,0.0071574,0.0271425,0.1783514,0.0097029
332,Fabricated metal products,0.0139508,0.0044138,0.0398566,0.0240941,0.0147262,0.0177917,0.0706779,0.0451466,0.0336564,0.1049499,1.1221022,0.0960851,0.0309221,0.1224243,0.0828440,0.0632279,0.0845022,0.0417832,0.0324913,0.0308632,0.0114637,0.0542721,0.0278377,0.0273835,0.0201208,0.0494142,0.0065527,0.0060715,0.0062310,0.0039462,0.0055547,0.0073635,0.0137302,0.0319409,0.0119647,0.0124057,0.0345003,0.0128852,0.0106126,0.0045321,0.0026121,0.0169104,0.0079620,0.0027936,0.0045927,0.0019631,0.0041949,0.0025446,0.0092525,0.0091210,0.0019270,0.0073336,0.0075814,0.0046769,0.0084988,0.0329964,0.0082559,0.0048123,0.0081199,0.0052227,0.0156107,0.0035859,0.0151530,0.0113873,0.0099347,0.0249905,0.0223821,0.0088161,0.0083181,0.0095274,0.0422596,0.3293496,0.0088161
333,Machinery,0.0109975,0.0024656,0.0331993,0.0458204,0.0298704,0.0078418,0.0249074,0.0097049,0.0103979,0.0223106,0.0273658,1.0758663,0.0053550,0.0322602,0.0773106,0.0193833,0.0089907,0.0082021,0.0124154,0.0084274,0.0034406,0.0137414,0.0221518,0.0210169,0.0121375,0.0179526,0.0034611,0.0033937,0.0033220,0.0020311,0.0028859,0.0044422,0.0045813,0.0063905,0.0067616,0.0049810,0.0040655,0.0138418,0.0110561,0.0017703,0.0013304,0.0034631,0.0038554,0.0012079,0.0021622,0.0013971,0.0019009,0.0009594,0.0046892,0.0049117,0.0009723,0.0045913,0.0034905,0.0023249,0.0075527,0.0313347,0.0080714,0.0030513,0.0042058,0.0030261,0.0040651,0.0020721,0.0066208,0.0025100,0.0037259,0.0120769,0.0079143,0.0034183,0.0044249,0.0060515,0.0172252,0.0492970,0.0034183
334,Computer and electronic products,0.0063881,0.0020778,0.0067327,0.0075007,0.0049661,0.0048705,0.0110312,0.0187260,0.0119425,0.0188537,0.0257101,0.0300151,1.1031567,0.0417148,0.0585362,0.0793312,0.0225394,0.0298513,0.0111943,0.0177104,0.0068247,0.0135464,0.0194637,0.0059138,0.0106852,0.0183590,0.0233820,0.0074189,0.0048175,0.0043961,0.0048037,0.0045837,0.0055552,0.0076759,0.0050739,0.0048675,0.0036252,0.0048990,0.0038049,0.0090397,0.0066513,0.0365947,0.0147165,0.0035844,0.0081984,0.0019905,0.0120094,0.0006943,0.0057345,0.0052906,0.0061175,0.0108877,0.0100343,0.0250821,0.0102326,0.0118263,0.0070737,0.0105922,0.0059739,0.0044406,0.0061469,0.0031862,0.0063777,0.0046583,0.0057983,0.0107353,0.0371416,0.0158744,0.0038042,0.0060127,0.0124314,0.0159337,0.0158744
335,"Electrical equipment, appliances, and components",0.0131534,0.0024409,0.0041300,0.0052633,0.0061887,0.0052808,0.0264662,0.0072785,0.0049236,0.0185507,0.0172885,0.0528418,0.0103151,1.0605081,0.0345698,0.0097148,0.0065181,0.0078545,0.0079486,0.0049774,0.0023705,0.0077074,0.0049387,0.0033079,0.0039994,0.0077678,0.0041496,0.0030001,0.0023480,0.0025547,0.0017943,0.0022127,0.0051984,0.0035343,0.0025910,0.0040624,0.0024899,0.0030703,0.0028068,0.0012403,0.0009026,0.0066482,0.0020758,0.0011400,0.0023306,0.0008679,0.0018946,0.0009273,0.0036869,0.0028051,0.0007288,0.0052500,0.0037602,0.0016687,0.0037452,0.0124198,0.0026652,0.0014037,0.0027815,0.0034380,0.0057411,0.0014371,0.0077436,0.0033344,0.0027279,0.0069802,0.0089446,0.0119793,0.0028340,0.0030994,0.0175631,0.0111773,0.0119793
3361MV,"Motor vehicles, bodies and trailers, and parts",0.0087093,0.0033611,0.0087449,0.0159143,0.0070802,0.0059321,0.0078544,0.0302860,0.0120559,0.0199720,0.0180233,0.0519635,0.0067565,0.0176530,1.3989123,0.0495747,0.0174701,0.0098592,0.0131695,0.0282431,0.0066581,0.0184389,0.0088966,0.0065697,0.0058240,0.0099902,0.0081741,0.0116377,0.0107184,0.0034901,0.0077485,0.0036470,0.0060175,0.0094698,0.0244236,0.0128174,0.0032764,0.0068711,0.0141609,0.0029571,0.0024053,0.0048378,0.0044892,0.0017897,0.0030261,0.0015408,0.0025096,0.0006459,0.0058516,0.0111494,0.0014629,0.0028275,0.0049392,0.0039055,0.0225213,0.0209839,0.0094854,0.0037057,0.0075100,0.0042556,0.0146635,0.0039956,0.0059820,0.0036926,0.0058724,0.0249391,0.0257736,0.0036586,0.0427278,0.0097213,0.0126248,0.0547566,0.0036586
3364OT,Other transportation equipment,0.0005702,0.0002939,0.0004397,0.0007240,0.0003918,0.0005793,0.0005838,0.0009753,0.0009212,0.0015323,0.0013197,0.0047708,0.0024882,0.0040577,0.0092847,1.2804722,0.0007337,0.0004665,0.0007390,0.0005570,0.0002900,0.0009314,0.0005709,0.0004059,0.0005053,0.0019338,0.0006064,0.0003778,0.0003272,0.0001711,0.0003772,0.0078679,0.0181063,0.0241548,0.0018111,0.0018112,0.0003632,0.0093142,0.0006054,0.0002058,0.0002102,0.0003451,0.0003461,0.0001879,0.0005212,0.0001309,0.0003999,0.0000399,0.0003589,0.0004213,0.0001296,0.0002597,0.0010743,0.0002732,0.0005071,0.0013568,0.0003069,0.0002413,0.0003274,0.0002465,0.0003654,0.0002488,0.0008748,0.0002039,0.0003199,0.0005885,0.0750627,0.0034289,0.0010457,0.0003298,0.0011536,0.0048312,0.0034289
337,Furniture and related products,0.0002530,0.0000775,0.0001912,0.0005592,0.0002381,0.0014590,0.0088049,0.0069740,0.0006649,0.0005520,0.0009778,0.0009670,0.0005442,0.0005736,0.0005091,0.0002711,1.0200649,0.0026207,0.0002951,0.0019831,0.0009002,0.0005873,0.0004268,0.0002328,0.0002243,0.0013386,0.0004521,0.0005921,0.0003735,0.0002067,0.0010159,0.0001657,0.0006887,0.0002844,0.0002382,0.0006017,0.0004609,0.0005128,0.0001945,0.0001307,0.0002773,0.0003995,0.0005406,0.0001487,0.0001918,0.0000867,0.0001853,0.0009474,0.0006475,0.0001997,0.0001051,0.0001095,0.0003550,0.0001816,0.0001827,0.0002878,0.0002213,0.0003494,0.0003614,0.0002382,0.0009729,0.0023103,0.0022732,0.0003295,0.0004925,0.0005482,0.0003160,0.0001382,0.0004940,0.0003202,0.0054341,0.0004790,0.0001382
339,Miscellaneous manufacturing,0.0006395,0.0002490,0.0006309,0.0009461,0.0005246,0.0004600,0.0014263,0.0016343,0.0011280,0.0010884,0.0033193,0.0058571,0.0030703,0.0040202,0.0056562,0.0010790,0.0041850,0.9800604,0.0007412,0.0037660,0.0647418,0.0011872,0.0062530,0.0004927,0.0010019,0.0047980,0.0008089,0.0012151,0.0007542,0.0003099,0.0008515,0.0003760,0.0004169,0.0007303,0.0005111,0.0006862,0.0004466,0.0006745,0.0009187,0.0003879,0.0003502,0.0006223,0.0006097,0.0003126,0.0005382,0.0002654,0.0004482,0.0000913,0.0007779,0.0006006,0.0002249,0.0004029,0.0020332,0.0004570,0.0019951,0.0025414,0.0013281,0.0117929,0.0172756,0.0016667,0.0031197,0.0011008,0.0011113,0.0004391,0.0009639,0.0025133,0.0029017,0.0010881,0.0004852,0.0024306,0.0010798,0.0020713,0.0010881
311FT,Food and beverage and tobacco products,0.1189479,0.0164520,0.0013495,0.0015894,0.0013432,0.0016030,0.0018776,0.0048808,0.0093676,0.0044155,0.0024539,0.0017836,0.0007242,0.0023542,0.0027680,0.0010329,0.0030050,0.0025706,1.2215049,0.0091493,0.0534419,0.0059043,0.0108752,0.0023254,0.0200913,0.0079715,0.0030035,0.0014916,0.0037465,0.0018091,0.0015244,0.0052453,0.0011161,0.0068662,0.0013556,0.0014057,0.0009151,0.0017324,0.0009668,0.0010525,0.0017009,0.0015280,0.0021658,0.0016005,0.0019524,0.0009242,0.0020330,0.0002000,0.0042409,0.0021269,0.0010926,0.0018758,0.0040445,0.0020843,0.0023765,0.0066717,0.0258887,0.0049584,0.0178556,0.0238557,0.0644841,0.0099484,0.0250506,0.0203002,0.0811956,0.0036423,0.0109190,0.0016754,0.0071187,0.0465200,0.0021701,0.0215574,0.0016754
313TT,Textile mills and textile product mills,0.0009550,0.0003642,0.0004736,0.0008023,0.0004252,0.0004605,0.0020638,0.0058579,0.0031283,0.0012047,0.0012833,0.0032621,0.0005880,0.0014070,0.0068191,0.0032881,0.0434532,0.0098769,0.0017734,1.0935188,0.1117876,0.0233568,0.0103308,0.0005811,0.0056781,0.0140166,0.0010527,0.0004232,0.0006109,0.0115324,0.0012032,0.0003486,0.0005878,0.0008309,0.0005132,0.0006008,0.0002803,0.0005456,0.0003198,0.0002641,0.0015465,0.0004454,0.0003614,0.0001844,0.0003383,0.0002168,0.0002802,0.0001167,0.0005528,0.0006954,0.0001454,0.0002538,0.0006251,0.0003117,0.0007524,0.0020439,0.0005824,0.0007378,0.0010338,0.0053550,0.0038460,0.0003745,0.0008934,0.0036318,0.0008715,0.0010964,0.0012957,0.0010545,0.0006249,0.0012258,0.0012113,0.0028239,0.0010545
315AL,Apparel and leather and allied products,0.0002044,0.0000473,0.0000340,0.0000513,0.0000296,0.0000777,0.0000519,0.0001104,0.0001836,0.0000987,0.0000715,0.0001305,0.0000264,0.0000708,0.0023662,0.0001133,0.0002419,0.0007592,0.0009749,0.0047119,0.9070697,0.0001688,0.0002718,0.0000327,0.0001235,0.0001214,0.0001103,0.0000472,0.0000452,0.0002782,0.0001118,0.0000308,0.0000305,0.0001183,0.0000819,0.0000687,0.0000298,0.0000435,0.0000453,0.0000210,0.0000357,0.0000393,0.0000301,0.0000184,0.0000354,0.0000218,0.0000289,0.0000094,0.0000514,0.0000791,0.0000133,0.0000206,0.0000361,0.0000310,0.0001071,0.0003491,0.0001353,0.0000497,0.0001376,0.0000697,0.0001248,0.0001253,0.0001573,0.0000781,0.0001130,0.0007078,0.0002186,0.0000716,0.0017213,0.0003988,0.0001036,0.0003115,0.0000716
322,Paper products,0.0087472,0.0021165,0.0034703,0.0056529,0.0032899,0.0029344,0.0083073,0.0223767,0.0274184,0.0256231,0.0176346,0.0137604,0.0050251,0.0258534,0.0239114,0.0068046,0.0372859,0.0270933,0.0414069,0.0302047,0.0084508,1.2953992,0.1447627,0.0035018,0.0130005,0.0347953,0.0067170,0.0028242,0.0053543,0.0027501,0.0040448,0.0031251,0.0038237,0.0044081,0.0039400,0.0132964,0.0026935,0.0075105,0.0033749,0.0036654,0.0022050,0.0029978,0.0034379,0.0022737,0.0039166,0.0039954,0.0031039,0.0005002,0.0041798,0.0050669,0.0021277,0.0028610,0.0050960,0.0029761,0.0087684,0.0074803,0.0060429,0.0042268,0.0064741,0.0059743,0.0094112,0.0029477,0.0047286,0.0155010,0.0102484,0.0066694,0.0043729,0.0084253,0.0042795,0.0107894,0.0055296,0.0707763,0.0084253
323,Printing and related support activities,0.0011507,0.0005883,0.0009509,0.0011409,0.0010093,0.0013314,0.0014054,0.0016226,0.0013582,0.0035238,0.0021603,0.0017513,0.0005897,0.0018056,0.0020445,0.0009727,0.0025635,0.0060822,0.0015774,0.0184508,0.0029063,0.0058565,0.9985623,0.0008609,0.0009423,0.0023306,0.0045323,0.0018950,0.0013493,0.0012074,0.0054648,0.0011284,0.0011100,0.0018885,0.0015509,0.0026361,0.0010438,0.0018364,0.0008226,0.0065975,0.0037813,0.0018144,0.0062356,0.0015831,0.0033261,0.0040364,0.0026208,0.0002014,0.0017858,0.0021453,0.0017585,0.0014706,0.0079738,0.0021978,0.0037817,0.0018005,0.0030347,0.0021612,0.0044219,0.0015920,0.0055785,0.0043284,0.0024740,0.0031525,0.0021086,0.0027883,0.0029099,0.0039363,0.0012496,0.0048092,0.0027823,0.0159897,0.0039363
324,Petroleum and coal products,0.0236379,0.0079580,0.0135058,0.0216605,0.0101826,0.0302010,0.0224579,0.0128937,0.0145642,0.0227185,0.0112938,0.0091050,0.0028503,0.0143521,0.0094401,0.0040860,0.0111428,0.0096768,0.0148707,0.0177785,0.0057584,0.0158021,0.0142005,0.9431105,0.0484778,0.0200432,0.0047456,0.0050826,0.0054077,0.0030139,0.0041106,0.0822388,0.0302149,0.0651565,0.0525142,0.0258592,0.0064485,0.0309544,0.0127752,0.0021862,0.0022749,0.0032452,0.0034465,0.0047604,0.0081643,0.0013803,0.0072220,0.0011071,0.0084498,0.0062415,0.0014798,0.0032358,0.0042821,0.0031889,0.0072303,0.0183639,0.0128323,0.0059976,0.0109457,0.0057533,0.0059003,0.0042095,0.0137253,0.0051096,0.0068808,0.0052094,0.0135155,0.0044608,0.0106090,0.0323758,0.0435081,0.0213518,0.0044608
325,Chemical products,0.0952570,0.0299173,0.0361673,0.0366250,0.0196087,0.0174287,0.0316282,0.0930234,0.0584051,0.0310808,0.0434700,0.0317178,0.0212267,0.0516211,0.0630936,0.0202490,0.0788659,0.0801610,0.0727419,0.3331428,0.0624890,0.0933152,0.1046503,0.0728174,1.2436618,0.3718949,0.0125661,0.0095534,0.0098413,0.0085769,0.0096635,0.0116494,0.0134560,0.0150185,0.0116914,0.0125158,0.0074457,0.0116970,0.0086125,0.0070462,0.0080501,0.0104897,0.0112274,0.0049480,0.0090986,0.0051647,0.0077295,0.0018008,0.0191870,0.0095104,0.0038635,0.0070449,0.0375454,0.0141625,0.0206257,0.0287857,0.0176137,0.0535601,0.0375078,0.0228763,0.0162295,0.0090427,0.0202831,0.0092141,0.0161350,0.0150792,0.0196369,0.0159264,0.0076010,0.0372677,0.0412762,0.0495296,0.0159264
326,Plastics and rubber products,0.0123372,0.0032635,0.0042909,0.0161433,0.0069518,0.0063903,0.0220812,0.0204775,0.0162628,0.0151050,0.0161986,0.0313136,0.0108804,0.0296803,0.0545039,0.0156966,0.0491725,0.0398734,0.0324355,0.0591623,0.0121882,0.0318614,0.0460136,0.0045345,0.0194713,1.0617685,0.0119307,0.0056310,0.0079671,0.0035355,0.0057251,0.0042407,0.0040799,0.0050942,0.0060887,0.0058785,0.0035716,0.0093807,0.0040905,0.0025359,0.0022165,0.0082920,0.0041152,0.0014778,0.0027317,0.0033912,0.0024463,0.0009087,0.0044843,0.0073598,0.0011861,0.0041303,0.0061963,0.0025380,0.0062299,0.0087517,0.0059851,0.0107967,0.0093977,0.0097666,0.0111936,0.0026283,0.0076421,0.0038759,0.0114282,0.0078015,0.0103855,0.0054079,0.0036107,0.0105340,0.0197008,0.0372083,0.0054079
42,Wholesale trade,0.1516932,0.0480420,0.0588256,0.0725475,0.0380192,0.0374847,0.0902601,0.1547436,0.0931584,0.1850330,0.1297693,0.1384239,0.0658728,0.1547812,0.2363806,0.0932685,0.1403079,0.0852277,0.1745613,0.1294773,0.0815347,0.1377445,0.0928575,0.0757374,0.1041859,0.1431636,1.0446327,0.0268837,0.0221741,0.0190200,0.0282551,0.0342412,0.0511258,0.0639174,0.0494543,0.0329253,0.0212965,0.0368984,0.0259617,0.0323964,0.0093755,0.0383756,0.0225298,0.0093712,0.0171149,0.0075366,0.0166393,0.0040612,0.0242256,0.0477381,0.0081665,0.0167820,0.0296960,0.0287874,0.0308064,0.0543047,0.0298268,0.0411577,0.0402887,0.0284963,0.0432874,0.0157254,0.0413551,0.0257952,0.0499870,0.0363774,0.0580073,0.0263912,0.0305883,0.0465007,0.0786992,0.0937198,0.0263912
441,Motor vehicle and parts dealers,0.0007337,0.0002355,0.0013153,0.0027990,0.0013152,0.0005225,0.0022219,0.0042046,0.0024746,0.0018964,0.0022125,0.0058955,0.0008049,0.0010929,0.0086848,0.0031021,0.0027788,0.0020713,0.0024046,0.0014238,0.0008868,0.0034507,0.0016310,0.0009607,0.0011136,0.0015524,0.0005388,1.0018397,0.0025019,0.0006389,0.0017167,0.0005536,0.0008595,0.0012934,0.0043640,0.0009681,0.0005146,0.0008640,0.0008046,0.0005051,0.0004297,0.0005898,0.0005558,0.0003020,0.0004847,0.0002338,0.0003861,0.0001757,0.0010703,0.0024132,0.0002390,0.0004610,0.0007538,0.0004835,0.0040725,0.0015841,0.0005314,0.0004099,0.0006519,0.0005335,0.0005383,0.0004591,0.0007763,0.0005636,0.0007920,0.0055575,0.0007174,0.0004792,0.0005356,0.0006081,0.0010542,0.0018380,0.0004792
445,Food and beverage stores,0.0001620,0.0000283,0.0000216,0.0000371,0.0000194,0.0000964,0.0001358,0.0000475,0.0000668,0.0000616,0.0000437,0.0000492,0.0000144,0.0000620,0.0000503,0.0000206,0.0000777,0.0000542,0.0000977,0.0000554,0.0000318,0.0000536,0.0002651,0.0000306,0.0000804,0.0000541,0.0000340,0.0000460,0.9751569,0.0000225,0.0000361,0.0000782,0.0000643,0.0000449,0.0007033,0.0002838,0.0000252,0.0001934,0.0000294,0.0000177,0.0000173,0.0000207,0.0000279,0.0000267,0.0000340,0.0000155,0.0000332,0.0000281,0.0000872,0.0000412,0.0000183,0.0000295,0.0000320,0.0000270,0.0000848,0.0000581,0.0000376,0.0000498,0.0000547,0.0000657,0.0000450,0.0000287,0.0000435,0.0001469,0.0011547,0.0000410,0.0000262,0.0000191,0.0000269,0.0000377,0.0000531,0.0000461,0.0000191
452,General merchandise stores,0.0004551,0.0000839,0.0001052,0.0002123,0.0000953,0.0002649,0.0009290,0.0002891,0.0002616,0.0002311,0.0001995,0.0003842,0.0000753,0.0002748,0.0004613,0.0001630,0.0003984,0.0002903,0.0003625,0.0002183,0.0001220,0.0002708,0.0009138,0.0001129,0.0001783,0.0001841,0.0000996,0.0001977,0.0002095,1.0000844,0.0001687,0.0001294,0.0002174,0.0001691,0.0020112,0.0007921,0.0001000,0.0005323,0.0001049,0.0000625,0.0000548,0.0000763,0.0000851,0.0000591,0.0000917,0.0000417,0.0000752,0.0001573,0.0002742,0.0002037,0.0000434,0.0000646,0.0000965,0.0000680,0.0004152,0.0002001,0.0001494,0.0000805,0.0001157,0.0001040,0.0001013,0.0000989,0.0001399,0.0003513,0.0003919,0.0003458,0.0000949,0.0000706,0.0000838,0.0001047,0.0002434,0.0001824,0.0000706
4A0,Other retail,0.0056335,0.0010408,0.0012247,0.0037269,0.0013600,0.0049327,0.0415357,0.0063039,0.0028399,0.0030111,0.0023251,0.0034879,0.0008680,0.0035476,0.0036511,0.0013560,0.0050241,0.0034639,0.0042202,0.0038835,0.0015047,0.0032105,0.0175114,0.0018005,0.0044334,0.0029305,0.0014141,0.0042721,0.0021591,0.0030451,1.0021594,0.0017769,0.0036157,0.0095521,0.0239516,0.0094961,0.0023156,0.0073717,0.0013675,0.0007352,0.0008600,0.0010900,0.0011421,0.0010095,0.0013841,0.0006183,0.0011634,0.0028015,0.0039598,0.0015888,0.0005805,0.0007660,0.0012539,0.0009041,0.0026259,0.0023998,0.0014976,0.0013664,0.0017290,0.0017238,0.0015163,0.0029862,0.0034364,0.0071294,0.0077608,0.0032637,0.0016414,0.0008878,0.0013318,0.0018489,0.0075939,0.0025114,0.0008878
481,Air transportation,0.0029438,0.0148880,0.0012508,0.0018271,0.0019681,0.0017163,0.0020825,0.0049224,0.0059408,0.0036612,0.0028661,0.0023702,0.0009083,0.0024444,0.0033283,0.0017501,0.0032264,0.0019521,0.0030383,0.0023987,0.0018285,0.0033787,0.0029146,0.0012471,0.0016784,0.0033421,0.0037281,0.0018571,0.0015828,0.0011516,0.0018149,1.0034983,0.0017292,0.0055421,0.0084382,0.0020879,0.0011648,0.0065867,0.0032615,0.0016939,0.0018058,0.0017753,0.0028566,0.0034207,0.0049496,0.0008380,0.0045449,0.0002867,0.0063114,0.0037720,0.0018956,0.0042485,0.0028841,0.0017477,0.0035733,0.0038353,0.0028219,0.0029037,0.0020368,0.0023323,0.0028359,0.0017242,0.0025903,0.0014546,0.0030811,0.0019558,0.0091067,0.0090306,0.0055646,0.0021649,0.0020669,0.0027950,0.0090306
482,Rail transportation,0.0083993,0.0016998,0.0031260,0.0083288,0.0019742,0.0055622,0.0040911,0.0102878,0.0196730,0.0203746,0.0092007,0.0054111,0.0012226,0.0079700,0.0073386,0.0027348,0.0078924,0.0041180,0.0115180,0.0056812,0.0020241,0.0185772,0.0053316,0.0046219,0.0082006,0.0117837,0.0009763,0.0008020,0.0010975,0.0005909,0.0007811,0.0018201,1.0023904,0.0021564,0.0114854,0.0016187,0.0010128,0.0028709,0.0009360,0.0004496,0.0004171,0.0009961,0.0007428,0.0004033,0.0008198,0.0003489,0.0006962,0.0002172,0.0013501,0.0009323,0.0003334,0.0005168,0.0010950,0.0005564,0.0014432,0.0022445,0.0013880,0.0012985,0.0015416,0.0012133,0.0019880,0.0007130,0.0025202,0.0012878,0.0025513,0.0012453,0.0016288,0.0034111,0.0084999,0.0025241,0.0076673,0.0064166,0.0034111
483,Water transportation,0.0028528,0.0004390,0.0013834,0.0019209,0.0005151,0.0009532,0.0010356,0.0004584,0.0035711,0.0029642,0.0013566,0.0007696,0.0001965,0.0014683,0.0008544,0.0003343,0.0007087,0.0006743,0.0030364,0.0010070,0.0003841,0.0010575,0.0004082,0.0011132,0.0013717,0.0011043,0.0002431,0.0002001,0.0001990,0.0001191,0.0001861,0.0003483,0.0002783,0.9904198,0.0003299,0.0002855,0.0003489,0.0004407,0.0003128,0.0001136,0.0001032,0.0001602,0.0001723,0.0000927,0.0002026,0.0001141,0.0001649,0.0000464,0.0002685,0.0002116,0.0000582,0.0001052,0.0003086,0.0001439,0.0002810,0.0004301,0.0004601,0.0003065,0.0003904,0.0002517,0.0003968,0.0001633,0.0004742,0.0002809,0.0005229,0.0002261,0.0033466,0.0007074,0.0132248,0.0006643,0.0010530,0.0009545,0.0007074
484,Truck transportation,0.0386497,0.0135253,0.0096964,0.0226310,0.0067000,0.0090746,0.0234545,0.0354086,0.0451214,0.0554417,0.0304604,0.0231829,0.0073638,0.0286944,0.0314492,0.0141178,0.0329669,0.0154404,0.0559537,0.0275954,0.0165441,0.0344307,0.0188142,0.0198481,0.0161502,0.0228959,0.0091511,0.0118737,0.0087655,0.0054182,0.0094100,0.0196883,0.0117135,0.0153265,1.0465107,0.0080486,0.0061261,0.0869686,0.0137086,0.0038883,0.0027371,0.0045154,0.0049312,0.0017838,0.0034673,0.0015965,0.0030065,0.0009611,0.0060868,0.0058265,0.0016500,0.0028050,0.0051317,0.0028456,0.0055607,0.0451458,0.0061042,0.0048789,0.0069816,0.0054840,0.0094852,0.0042239,0.0091221,0.0057794,0.0099677,0.0066239,0.0146749,0.0045773,0.0159000,0.0092828,0.0152120,0.0206912,0.0045773
485,Transit and ground passenger transportation,0.0010206,0.0006602,0.0010890,0.0013689,0.0020333,0.0028665,0.0017874,0.0022113,0.0024632,0.0026833,0.0022584,0.0016181,0.0005069,0.0015275,0.0018326,0.0009442,0.0023871,0.0015027,0.0015363,0.0013380,0.0014191,0.0022711,0.0025445,0.0009297,0.0008918,0.0020354,0.0024693,0.0021483,0.0017583,0.0013213,0.0019022,0.0012145,0.0052694,0.0023815,0.0014836,0.9248532,0.0011878,0.0021335,0.0012318,0.0020153,0.0032641,0.0030153,0.0039602,0.0050994,0.0058879,0.0022495,0.0056893,0.0003894,0.0090050,0.0048809,0.0030153,0.0062708,0.0035839,0.0023401,0.0046980,0.0045986,0.0054067,0.0044611,0.0071601,0.0051113,0.0031247,0.0168636,0.0034094,0.0018149,0.0038458,0.0024474,0.0010712,0.0012219,0.0010781,0.0085787,0.0050225,0.0050952,0.0012219
486,Pipeline transportation,0.0026451,0.0007386,0.0253765,0.0024564,0.0008009,0.0256162,0.0016032,0.0014839,0.0020868,0.0024065,0.0014392,0.0010565,0.0003852,0.0014199,0.0011541,0.0007067,0.0013262,0.0009654,0.0017771,0.0020878,0.0008685,0.0022819,0.0016552,0.0345732,0.0038129,0.0021857,0.0007550,0.0009179,0.0018820,0.0008550,0.0008296,0.0055722,0.0021146,0.0049036,0.0039974,0.0038206,1.0013573,0.0038217,0.0015749,0.0003611,0.0004208,0.0006924,0.0006313,0.0005403,0.0008569,0.0002575,0.0009768,0.0001801,0.0019809,0.0008055,0.0002980,0.0003945,0.0005727,0.0005833,0.0008150,0.0019210,0.0015498,0.0007449,0.0012285,0.0010504,0.0007854,0.0007413,0.0057247,0.0011367,0.0012781,0.0009052,0.0012380,0.0005209,0.0062473,0.0025408,0.0277213,0.0020113,0.0005209
487OS,Other transportation and support activities,0.0115655,0.0060271,0.0050601,0.0126216,0.0039942,0.0143936,0.0084990,0.0185476,0.0193242,0.0167229,0.0104674,0.0090793,0.0035977,0.0105850,0.0136791,0.0058582,0.0142322,0.0069798,0.0152471,0.0115092,0.0078008,0.0162651,0.0118911,0.0072565,0.0070574,0.0119424,0.0346816,0.0128049,0.0107069,0.0049135,0.0180317,0.1068946,0.0190932,0.0786255,0.1356637,0.0200450,0.0186659,1.0057776,0.0396110,0.0050059,0.0075197,0.0040426,0.0103336,0.0031526,0.0102905,0.0015620,0.0073481,0.0006000,0.0050131,0.0170224,0.0031917,0.0042723,0.0065316,0.0040706,0.0066690,0.0208349,0.0044465,0.0056648,0.0089679,0.0050020,0.0089748,0.0068616,0.0094547,0.0036635,0.0067367,0.0050722,0.0060156,0.0039821,0.0164857,0.0050745,0.0160602,0.0098633,0.0039821
493,Warehousing and storage,0.0073944,0.0018216,0.0022200,0.0046524,0.0016536,0.0028719,0.0052129,0.0170737,0.0197357,0.0068676,0.0062373,0.0056919,0.0030914,0.0059283,0.0076649,0.0034450,0.0091219,0.0064845,0.0109439,0.0318673,0.0158098,0.0247519,0.0180404,0.0031201,0.0062621,0.0193668,0.0181419,0.0352384,0.0294296,0.0171224,0.0278951,0.0028696,0.0027082,0.0192544,0.0171790,0.0056938,0.0081895,0.0072618,1.0389541,0.0025725,0.0026522,0.0026295,0.0040759,0.0008987,0.0016756,0.0008254,0.0014299,0.0003191,0.0033902,0.0048828,0.0012949,0.0018569,0.0027074,0.0015989,0.0097115,0.0058890,0.0027030,0.0027826,0.0046436,0.0029063,0.0033892,0.0028712,0.0030899,0.0022928,0.0048238,0.0030274,0.0029983,0.0041185,0.0016892,0.0055842,0.0042885,0.0074393,0.0041185
511,"Publishing industries, except internet (includes software)",0.0018141,0.0009143,0.0018266,0.0020587,0.0017455,0.0037253,0.0031333,0.0034258,0.0033249,0.0037784,0.0034473,0.0027150,0.0010264,0.0027100,0.0027353,0.0026372,0.0036446,0.0023794,0.0023644,0.0022181,0.0019934,0.0033210,0.0031920,0.0015348,0.0013021,0.0023433,0.0047587,0.0070668,0.0029553,0.0027930,0.0044083,0.0025351,0.0031751,0.0037478,0.0022096,0.0033935,0.0022379,0.0037987,0.0023248,1.0193995,0.0023095,0.0040388,0.1199932,0.0045807,0.0081304,0.0028109,0.0082273,0.0004417,0.0044953,0.0042245,0.0059656,0.0161026,0.0154185,0.0035654,0.0094466,0.0049840,0.0074989,0.0031106,0.0064276,0.0029796,0.0050898,0.0034425,0.0042418,0.0026489,0.0041859,0.0042776,0.0033756,0.0071889,0.0021417,0.0087165,0.0064417,0.0057186,0.0071889
512,Motion picture and sound recording industries,0.0005715,0.0003050,0.0006910,0.0007348,0.0006693,0.0008528,0.0008890,0.0007950,0.0009632,0.0010176,0.0009157,0.0007300,0.0003085,0.0007348,0.0008102,0.0005461,0.0009217,0.0006710,0.0007508,0.0006961,0.0006595,0.0008577,0.0009348,0.0005960,0.0004210,0.0007447,0.0012697,0.0034652,0.0023695,0.0005955,0.0011803,0.0015698,0.0007165,0.0013449,0.0009344,0.0013059,0.0031075,0.0010698,0.0005371,0.0020946,1.2506397,0.0821022,0.0031022,0.0013958,0.0023892,0.0009221,0.0022131,0.0001369,0.0022821,0.0015793,0.0011640,0.0012923,0.0061671,0.0019164,0.0018937,0.0014954,0.0032793,0.0011983,0.0015672,0.0058533,0.0091831,0.0049280,0.0019920,0.0047114,0.0068474,0.0018053,0.0018970,0.0055414,0.0017018,0.0027592,0.0014304,0.0017266,0.0055414
513,Broadcasting and telecommunications,0.0053602,0.0028963,0.0057240,0.0062848,0.0060503,0.0078962,0.0088093,0.0076469,0.0095786,0.0096089,0.0089778,0.0067621,0.0026065,0.0068637,0.0071709,0.0053555,0.0088896,0.0064636,0.0068171,0.0064696,0.0059761,0.0080323,0.0094428,0.0048813,0.0037068,0.0069341,0.0113116,0.0137777,0.0083110,0.0051328,0.0112395,0.0111098,0.0064414,0.0108075,0.0088968,0.0136357,0.0226394,0.0098302,0.0047454,0.0156717,0.0186946,1.1142052,0.0351590,0.0137280,0.0213070,0.0094400,0.0213445,0.0012837,0.0212474,0.0117710,0.0125113,0.0106378,0.0531922,0.0100608,0.0185474,0.0155040,0.0163630,0.0096845,0.0144559,0.0112249,0.0080725,0.0109413,0.0140876,0.0218888,0.0134698,0.0124083,0.0182206,0.0151838,0.0121292,0.0294572,0.0137416,0.0178824,0.0151838
514,"Data processing, internet publishing, and other information services",0.0067671,0.0036482,0.0075421,0.0094301,0.0076769,0.0181841,0.0127304,0.0178573,0.0199915,0.0186160,0.0175284,0.0139252,0.0040688,0.0144157,0.0124852,0.0111878,0.0204833,0.0125045,0.0112804,0.0115509,0.0097865,0.0186288,0.0148527,0.0064587,0.0058464,0.0118300,0.0156733,0.0343742,0.0162462,0.0109073,0.0229226,0.0114803,0.0101808,0.0173876,0.0094022,0.0162590,0.0128288,0.0122812,0.0079831,0.0789468,0.0113134,0.0186546,0.9464964,0.0264089,0.0327727,0.0116221,0.0399615,0.0022752,0.0197708,0.0166272,0.0183656,0.0225150,0.1066950,0.0165923,0.0464252,0.0273521,0.0260924,0.0108061,0.0204491,0.0127326,0.0127570,0.0182498,0.0211269,0.0126076,0.0253928,0.0220985,0.0195940,0.0246147,0.0118894,0.0291024,0.0298754,0.0231240,0.0246147
521CI,"Federal Reserve banks, credit intermediation, and related activities",0.0269739,0.0153777,0.0231458,0.0306458,0.0282375,0.0247002,0.0204401,0.0244812,0.0250393,0.0295386,0.0245311,0.0211614,0.0166224,0.0265356,0.0291155,0.0137742,0.0289910,0.0265354,0.0244521,0.0234281,0.0467244,0.0255679,0.0237843,0.0187714,0.0172282,0.0247973,0.0319576,0.0259856,0.0236546,0.0213499,0.0238068,0.0285348,0.0905672,0.0475344,0.0258487,0.0572732,0.0487617,0.0247509,0.0128039,0.0236702,0.0318214,0.0378029,0.0260422,1.0494654,0.1620417,0.0093363,0.1204392,0.0515283,0.0751062,0.1331890,0.0138702,0.0146156,0.0220122,0.0596637,0.0205127,0.0239393,0.0179325,0.0181834,0.0236050,0.0207458,0.0171468,0.0217316,0.0300612,0.0291456,0.0345072,0.0273758,0.0094704,0.0430950,0.0206052,0.0195365,0.0315548,0.0226937,0.0430950
523,"Securities, commodity contracts, and investments",0.0059571,0.0025998,0.0117914,0.0368301,0.0901575,0.0096993,0.0067009,0.0055386,0.0089016,0.0222849,0.0170256,0.0129571,0.0033068,0.0129917,0.0137031,0.0062967,0.0169087,0.0110002,0.0061566,0.0054093,0.0073916,0.0063485,0.0052896,0.0082965,0.0042274,0.0059238,0.0081587,0.0051889,0.0058374,0.0048492,0.0056918,0.0187709,0.0167372,0.0269800,0.0081585,0.0422617,0.0110934,0.0141784,0.0041811,0.0041244,0.0107322,0.0063507,0.0047070,0.0811721,1.0535735,0.0167485,0.6417911,0.0044262,0.0184171,0.0237298,0.0043959,0.0043119,0.0054044,0.0275598,0.0063024,0.0066917,0.0051487,0.0066351,0.0193361,0.0078249,0.0150557,0.0134489,0.0098858,0.0058778,0.0257732,0.0097686,0.0030329,0.0052301,0.0049732,0.0047459,0.0238277,0.0096929,0.0052301
524,Insurance carriers and related activities,0.0321832,0.0161480,0.0275566,0.0279275,0.0363605,0.0296537,0.0151984,0.0219195,0.0325014,0.0282309,0.0232594,0.0215704,0.0068928,0.0286009,0.0336561,0.0153017,0.0282879,0.0166395,0.0308077,0.0259325,0.0207665,0.0231886,0.0172292,0.0212213,0.0155221,0.0220671,0.0454011,0.0345666,0.0262435,0.0197731,0.0279858,0.0224506,0.0160756,0.0577381,0.0842376,0.2282003,0.0226802,0.0425716,0.0373016,0.0099621,0.0263817,0.0186968,0.0141660,0.0209816,0.0551409,1.5872827,0.1137264,0.0104206,0.0905460,0.0600146,0.0192768,0.0153183,0.0193431,0.0166735,0.0258314,0.0339345,0.0234186,0.0328606,0.0435683,0.0437977,0.0684099,0.0431543,0.0453900,0.0190271,0.0334639,0.0224381,0.0095112,0.0120683,0.1219742,0.0143331,0.0719899,0.0209621,0.0120683
525,"Funds, trusts, and other financial vehicles",0.0001540,0.0001015,0.0001399,0.0001402,0.0001757,0.0001433,0.0000752,0.0001085,0.0001568,0.0001733,0.0001215,0.0001103,0.0000348,0.0001437,0.0001661,0.0000758,0.0001376,0.0000830,0.0001499,0.0001260,0.0001012,0.0001165,0.0000839,0.0001064,0.0000761,0.0001072,0.0002179,0.0001629,0.0001251,0.0000968,0.0001343,0.0001080,0.0000771,0.0002729,0.0003942,0.0010585,0.0001073,0.0002048,0.0001755,0.0000485,0.0001245,0.0000895,0.0000700,0.0000991,0.0002600,0.0073409,1.0438785,0.0000486,0.0004275,0.0002839,0.0000912,0.0000729,0.0000926,0.0001859,0.0001253,0.0002372,0.0002666,0.0001780,0.0003450,0.0002076,0.0003259,0.0002135,0.0002230,0.0000944,0.0001647,0.0001202,0.0000462,0.0000579,0.0005660,0.0007643,0.0003379,0.0003977,0.0000579
HS,Housing,0.0000000,0.0000000,0.0000000,0.0000000,0.0000000,0.0000000,0.0000000,0.0000000,0.0000000,0.0000000,0.0000000,0.0000000,0.0000000,0.0000000,0.0000000,0.0000000,0.0000000,0.0000000,0.0000000,0.0000000,0.0000000,0.0000000,0.0000000,0.0000000,0.0000000,0.0000000,0.0000000,0.0000000,0.0000000,0.0000000,0.0000000,0.0000000,0.0000000,0.0000000,0.0000000,0.0000000,0.0000000,0.0000000,0.0000000,0.0000000,0.0000000,0.0000000,0.0000000,0.0000000,0.0000000,0.0000000,0.0000000,0.9968701,0.0000000,0.0000000,0.0000000,0.0000000,0.0000000,0.0000000,0.0000000,0.0000000,0.0000000,0.0000000,0.0000000,0.0000000,0.0000000,0.0000000,0.0000000,0.0000000,0.0000000,0.0000000,0.0000000,0.0000000,0.0000000,0.0000000,0.0000000,0.0000000,0.0000000
ORE,Other real estate,0.0290910,0.0092864,0.0292281,0.0293286,0.0263846,0.0291437,0.0414466,0.0318211,0.0347419,0.0365455,0.0447596,0.0296627,0.0101226,0.0339688,0.0340421,0.0180077,0.0473956,0.0276569,0.0364948,0.0377994,0.0291634,0.0427318,0.0573366,0.0232574,0.0184630,0.0389307,0.0755927,0.1002209,0.1366400,0.0902922,0.1350863,0.0264872,0.0246028,0.0613923,0.0543913,0.0692791,0.0272075,0.0460689,0.0855690,0.0410450,0.0562506,0.0819375,0.0488693,0.0466359,0.0996139,0.0475270,0.0751441,0.0076717,1.1328999,0.0653494,0.0649380,0.0310228,0.0720742,0.0919001,0.0532002,0.0589562,0.0989137,0.0719265,0.1073246,0.1511552,0.0830421,0.1049340,0.1338457,0.0513708,0.0998195,0.1324750,0.0209789,0.0400471,0.0250268,0.0271077,0.0408408,0.0377059,0.0400471
532RL,Rental and leasing services and lessors of intangible assets,0.0175666,0.0061138,0.0227528,0.0372514,0.0312250,0.0110160,0.0246526,0.0144990,0.0234134,0.0229396,0.0199544,0.0164772,0.0060443,0.0183796,0.0310736,0.0114083,0.0163449,0.0147220,0.0213062,0.0148114,0.1077046,0.0226591,0.0166194,0.0176274,0.0147635,0.0178223,0.0251654,0.0106700,0.0120862,0.0219583,0.0145899,0.0619663,0.0999449,0.1605264,0.0668857,0.0203256,0.0062482,0.0188239,0.0114177,0.0119539,0.0118959,0.0198104,0.0304506,0.0093069,0.0249461,0.0063945,0.0180477,0.0034263,0.0140002,0.9643404,0.0093816,0.0113461,0.0169989,0.0512969,0.0166938,0.0301482,0.0111183,0.0122090,0.0119588,0.0093919,0.0092613,0.0224947,0.0210349,0.0130414,0.0365233,0.0095729,0.0088302,0.0061914,0.0098973,0.0113973,0.0167203,0.0177139,0.0061914
5411,Legal services,0.0057929,0.0029916,0.0074764,0.0115758,0.0071922,0.0121716,0.0097835,0.0102804,0.0099534,0.0122359,0.0122846,0.0084133,0.0032616,0.0076845,0.0099848,0.0056509,0.0111508,0.0109495,0.0075715,0.0086034,0.0085740,0.0118848,0.0106595,0.0059000,0.0048807,0.0103545,0.0136596,0.0077015,0.0071456,0.0057998,0.0092442,0.0050048,0.0159736,0.0107072,0.0058701,0.0109269,0.0052986,0.0062383,0.0057384,0.0134373,0.0119282,0.0094874,0.0167775,0.0106395,0.0278753,0.0196228,0.0303059,0.0019799,0.0155683,0.0085407,1.0098723,0.0093492,0.0202416,0.0207068,0.0117849,0.0100416,0.0071819,0.0087997,0.0225075,0.0116640,0.0081038,0.0191819,0.0187413,0.0061188,0.0091860,0.0124244,0.0046838,0.0039967,0.0047284,0.0114119,0.0132050,0.0113659,0.0039967
5415,Computer systems design and related services,0.0053012,0.0023382,0.0199456,0.0102743,0.0047991,0.0104245,0.0078914,0.0074174,0.0077484,0.0090673,0.0101442,0.0093526,0.0030864,0.0063698,0.0075103,0.0093236,0.0083766,0.0058098,0.0064590,0.0058898,0.0045096,0.0074243,0.0087940,0.0133033,0.0040993,0.0066100,0.0122526,0.0167959,0.0064628,0.0072419,0.0083414,0.0075625,0.0171014,0.0086635,0.0061305,0.0091469,0.0038060,0.0059762,0.0038117,0.0447645,0.0060130,0.0088941,0.0250488,0.0098240,0.0258455,0.0102068,0.0232624,0.0013088,0.0105646,0.0065533,0.0113152,0.9917756,0.0105353,0.0069099,0.0179956,0.0096788,0.0115078,0.0065704,0.0115585,0.0079996,0.0095309,0.0062177,0.0120573,0.0064096,0.0096085,0.0083208,0.0127904,0.0330886,0.0041644,0.0162916,0.0226266,0.0121871,0.0330886
5412OP,"Miscellaneous professional, scientific, and technical services",0.0303701,0.0150668,0.0348128,0.0440926,0.0318142,0.0554466,0.0569227,0.0437460,0.0474039,0.0535862,0.0457125,0.0367145,0.0135233,0.0414539,0.0436044,0.0256123,0.0562450,0.0371192,0.0434929,0.0402463,0.0312062,0.0469758,0.0426607,0.0286649,0.0232473,0.0440167,0.0798187,0.0999686,0.0548800,0.0321427,0.0800951,0.0287886,0.0458877,0.0669682,0.0354452,0.0584235,0.0593679,0.0322137,0.0340786,0.0718040,0.0620924,0.0709447,0.1115861,0.0623669,0.1036476,0.0576978,0.0883878,0.0074466,0.0767719,0.0577191,0.0376171,0.0726147,0.9419335,0.0863481,0.0696083,0.0502710,0.0515631,0.0432144,0.0655352,0.0544236,0.0461474,0.0683672,0.0796282,0.0402156,0.0551986,0.0617792,0.1169485,0.0437035,0.0326208,0.0529354,0.1085265,0.0491487,0.0437035
55,Management of companies and enterprises,0.0195663,0.0061051,0.0978341,0.0898814,0.0390920,0.0132977,0.0262291,0.0218526,0.0395844,0.0334695,0.0306557,0.0463871,0.0172846,0.0355309,0.0459369,0.0269773,0.0265048,0.0339171,0.0497979,0.0423725,0.0385743,0.0331660,0.0237437,0.0641907,0.0316570,0.0297593,0.0640930,0.0180215,0.0225393,0.0436275,0.0343334,0.0315145,0.0144517,0.0468261,0.0278178,0.0179805,0.0079581,0.0327459,0.0189753,0.0174397,0.0106339,0.0157134,0.0158529,0.0140165,0.0384181,0.0122599,0.0358517,0.0021237,0.0469598,0.0484487,0.0145139,0.0135102,0.0196774,1.0121265,0.0283371,0.0458491,0.0302508,0.0488223,0.0240333,0.0365383,0.0198636,0.0232443,0.0270924,0.0274072,0.0810444,0.0244640,0.0116152,0.0084880,0.0087779,0.0129033,0.0223813,0.0260195,0.0084880
561,Administrative and support services,0.0190141,0.0077378,0.0205724,0.0257472,0.0238021,0.0324661,0.0262447,0.0281276,0.0317030,0.0477599,0.0503151,0.0271214,0.0106329,0.0292406,0.0328926,0.0308010,0.0306923,0.0253767,0.0265641,0.0252047,0.0486144,0.0330521,0.0526885,0.0184861,0.0169127,0.0284621,0.0525900,0.0456575,0.0369221,0.0329411,0.0446791,0.0426382,0.0347586,0.1559481,0.0465063,0.1176181,0.0607118,0.0505106,0.0502178,0.0655541,0.0302016,0.0606185,0.0742675,0.0348661,0.0576149,0.0292485,0.0439854,0.0048764,0.1561294,0.0931998,0.0372247,0.0699775,0.0738667,0.0505616,1.0788240,0.0609884,0.0469868,0.0436795,0.0753488,0.0716782,0.0348040,0.0528142,0.0512431,0.0331379,0.0410283,0.0456626,0.0285555,0.0411254,0.0200990,0.0363787,0.0540434,0.0424435,0.0411254
562,Waste management and remediation services,0.0024483,0.0012435,0.0046666,0.0030301,0.0031122,0.0061981,0.0037481,0.0033195,0.0044825,0.0186178,0.0073326,0.0043813,0.0012072,0.0054477,0.0045905,0.0023287,0.0048282,0.0029109,0.0037993,0.0037856,0.0022381,0.0058088,0.0041450,0.0034599,0.0031498,0.0039773,0.0039958,0.0057584,0.0061540,0.0038472,0.0054940,0.0023039,0.0035054,0.0037335,0.0046381,0.0047689,0.0052608,0.0049938,0.0044338,0.0019010,0.0025501,0.0034391,0.0024441,0.0022296,0.0042079,0.0032992,0.0044996,0.0004708,0.0364690,0.0047928,0.0030074,0.0019412,0.0035826,0.0042589,0.0049881,0.9372978,0.0070485,0.0044395,0.0076342,0.0080040,0.0048196,0.0046875,0.0094537,0.0052089,0.0055882,0.0108262,0.0017091,0.0033403,0.0034690,0.0112556,0.0145896,0.1179318,0.0033403
61,Educational services,0.0001564,0.0001912,0.0000948,0.0001125,0.0000939,0.0001392,0.0001763,0.0001848,0.0001566,0.0004064,0.0002122,0.0001710,0.0000663,0.0001888,0.0002314,0.0001064,0.0001721,0.0001156,0.0001773,0.0001409,0.0001084,0.0001964,0.0001714,0.0000945,0.0001065,0.0001610,0.0006486,0.0006467,0.0014244,0.0000882,0.0013475,0.0004082,0.0001354,0.0002321,0.0001909,0.0002066,0.0001148,0.0001547,0.0000856,0.0000971,0.0015893,0.0009838,0.0001394,0.0001470,0.0001846,0.0000709,0.0001844,0.0000412,0.0002652,0.0001877,0.0000910,0.0001199,0.0001814,0.0002473,0.0003974,0.0006258,0.7845892,0.0002320,0.0009107,0.0001461,0.0002311,0.0189564,0.0025198,0.0001420,0.0002456,0.0029914,0.0001175,0.0002106,0.0012284,0.0037768,0.0001920,0.0017176,0.0002106
621,Ambulatory health care services,0.0000567,0.0002764,0.0000463,0.0000390,0.0000738,0.0000688,0.0000433,0.0000767,0.0000526,0.0004357,0.0001410,0.0000875,0.0000540,0.0001096,0.0000972,0.0000433,0.0000696,0.0000480,0.0000519,0.0000419,0.0000326,0.0000937,0.0000484,0.0000446,0.0000307,0.0000499,0.0000462,0.0000327,0.0000359,0.0000292,0.0000393,0.0003254,0.0000373,0.0001668,0.0000463,0.0000506,0.0000427,0.0000735,0.0000262,0.0000285,0.0001016,0.0000974,0.0000560,0.0000489,0.0002880,0.0000285,0.0001884,0.0000065,0.0000790,0.0000595,0.0000187,0.0000385,0.0000852,0.0000497,0.0001468,0.0007845,0.0015832,0.9814956,0.0134155,0.0004527,0.0000965,0.0009417,0.0001544,0.0000621,0.0000512,0.0002353,0.0000744,0.0040086,0.0000256,0.0070317,0.0000569,0.0030269,0.0040086
622,Hospitals,0.0000001,0.0000006,0.0000001,0.0000001,0.0000001,0.0000001,0.0000001,0.0000002,0.0000001,0.0000009,0.0000003,0.0000002,0.0000001,0.0000002,0.0000002,0.0000001,0.0000001,0.0000001,0.0000001,0.0000001,0.0000001,0.0000002,0.0000001,0.0000001,0.0000001,0.0000001,0.0000001,0.0000001,0.0000001,0.0000001,0.0000001,0.0000007,0.0000001,0.0000003,0.0000001,0.0000001,0.0000001,0.0000001,0.0000001,0.0000001,0.0000002,0.0000002,0.0000001,0.0000001,0.0000006,0.0000001,0.0000004,0.0000000,0.0000002,0.0000001,0.0000000,0.0000001,0.0000002,0.0000001,0.0000003,0.0000016,0.0000032,0.0019746,0.8001406,0.0000009,0.0000002,0.0000019,0.0000003,0.0000001,0.0000001,0.0000005,0.0000001,0.0000081,0.0000001,0.0000141,0.0000001,0.0000061,0.0000081
623,Nursing and residential care facilities,0.0000486,0.0000567,0.0000477,0.0000408,0.0000784,0.0000352,0.0000345,0.0000531,0.0000498,0.0001196,0.0000662,0.0000622,0.0000915,0.0000658,0.0000805,0.0000381,0.0000535,0.0000423,0.0000542,0.0000463,0.0000330,0.0000693,0.0000508,0.0000572,0.0000385,0.0000532,0.0000490,0.0000178,0.0000282,0.0000341,0.0000355,0.0006823,0.0000372,0.0003012,0.0000447,0.0000422,0.0000364,0.0000482,0.0000190,0.0000248,0.0000364,0.0000781,0.0000301,0.0000728,0.0005799,0.0000354,0.0003638,0.0000057,0.0000374,0.0000717,0.0000123,0.0000418,0.0000292,0.0000520,0.0000313,0.0001247,0.0002252,0.0000430,0.0002072,0.9911372,0.0000579,0.0000498,0.0000484,0.0000453,0.0000547,0.0000624,0.0001196,0.0087730,0.0000213,0.0009239,0.0000389,0.0004244,0.0087730
624,Social assistance,0.0000005,0.0000008,0.0000005,0.0000004,0.0000007,0.0000004,0.0000003,0.0000005,0.0000005,0.0000015,0.0000007,0.0000006,0.0000008,0.0000007,0.0000008,0.0000004,0.0000005,0.0000004,0.0000005,0.0000004,0.0000003,0.0000007,0.0000005,0.0000005,0.0000004,0.0000005,0.0000005,0.0000002,0.0000003,0.0000003,0.0000003,0.0000061,0.0000003,0.0000027,0.0000004,0.0000004,0.0000003,0.0000005,0.0000002,0.0000002,0.0000003,0.0000007,0.0000003,0.0000007,0.0000052,0.0000003,0.0000033,0.0000001,0.0000004,0.0000007,0.0000001,0.0000004,0.0000003,0.0000005,0.0000003,0.0000020,0.0000037,0.0000006,0.0000034,0.0088936,0.9907393,0.0000006,0.0000005,0.0000004,0.0000005,0.0000007,0.0000011,0.0000787,0.0000002,0.0000160,0.0000004,0.0000071,0.0000787
711AS,"Performing arts, spectator sports, museums, and related activities",0.0017859,0.0006458,0.0018780,0.0020301,0.0016691,0.0015783,0.0019409,0.0021977,0.0023439,0.0027673,0.0023673,0.0020068,0.0007356,0.0019417,0.0023535,0.0012909,0.0023471,0.0016920,0.0022546,0.0018979,0.0017153,0.0024830,0.0025069,0.0015266,0.0012177,0.0023033,0.0049070,0.0045878,0.0039989,0.0020062,0.0032394,0.0019301,0.0035468,0.0028152,0.0021428,0.0028230,0.0021853,0.0028993,0.0014986,0.0025772,0.0951989,0.0554548,0.0041805,0.0048128,0.0052440,0.0017578,0.0064866,0.0003957,0.0093355,0.0037323,0.0035591,0.0039891,0.0069845,0.0101078,0.0051867,0.0037832,0.0042006,0.0036402,0.0048496,0.0044417,0.0081263,1.1559304,0.0084039,0.0035974,0.0081798,0.0052275,0.0019906,0.0022172,0.0017631,0.0036357,0.0025642,0.0030614,0.0022172
713,"Amusements, gambling, and recreation industries",0.0006310,0.0002276,0.0005737,0.0006375,0.0007353,0.0005881,0.0007329,0.0007493,0.0009037,0.0008740,0.0007465,0.0006267,0.0002192,0.0005596,0.0007184,0.0003800,0.0007942,0.0005391,0.0006881,0.0004991,0.0005157,0.0007480,0.0008180,0.0004524,0.0003725,0.0007021,0.0013763,0.0004687,0.0007588,0.0003501,0.0011448,0.0004339,0.0004987,0.0007772,0.0004208,0.0005558,0.0003269,0.0005088,0.0002835,0.0006466,0.0006320,0.0006021,0.0012276,0.0015968,0.0018011,0.0003816,0.0017671,0.0001179,0.0007599,0.0013726,0.0010047,0.0020917,0.0010446,0.0033821,0.0017963,0.0014362,0.0011725,0.0016625,0.0008099,0.0009527,0.0012945,0.0011554,0.8150048,0.0016154,0.0019147,0.0006072,0.0031293,0.0003854,0.0002482,0.0017901,0.0008451,0.0012553,0.0003854
721,Accommodation,0.0013622,0.0005838,0.0015502,0.0018781,0.0027894,0.0027191,0.0019266,0.0027842,0.0031754,0.0031430,0.0029548,0.0022018,0.0007548,0.0020978,0.0025370,0.0013098,0.0031822,0.0020614,0.0020753,0.0019108,0.0019883,0.0029301,0.0040101,0.0013126,0.0012129,0.0028201,0.0038178,0.0023900,0.0024791,0.0018711,0.0026662,0.0020411,0.0022964,0.0033955,0.0019363,0.0026323,0.0016919,0.0027768,0.0017241,0.0030610,0.0033325,0.0030792,0.0068352,0.0077005,0.0090524,0.0019147,0.0085408,0.0005345,0.0129713,0.0066045,0.0042410,0.0099930,0.0046543,0.0039176,0.0066002,0.0065960,0.0048842,0.0055388,0.0031528,0.0041054,0.0036389,0.0030211,0.0043369,0.9989525,0.0063051,0.0032955,0.0075270,0.0063270,0.0014494,0.0032907,0.0030543,0.0035010,0.0063270
722,Food services and drinking places,0.0047849,0.0023914,0.0040052,0.0047948,0.0060713,0.0064373,0.0045324,0.0059299,0.0063877,0.0071918,0.0061793,0.0047723,0.0016486,0.0049205,0.0057023,0.0029868,0.0063177,0.0041727,0.0054463,0.0049267,0.0051369,0.0064619,0.0069742,0.0033720,0.0028739,0.0057647,0.0101274,0.0091378,0.0094561,0.0080946,0.0100600,0.0409955,0.0048349,0.0091192,0.0078889,0.0083911,0.0047766,0.0108223,0.0064351,0.0052978,0.0063521,0.0063678,0.0093022,0.0133287,0.0138527,0.0064901,0.0159791,0.0010705,0.0385195,0.0173620,0.0091799,0.0153886,0.0119139,0.0138693,0.0154639,0.0106748,0.0107730,0.0296676,0.0279521,0.0420288,0.0207740,0.0091678,0.0161968,0.0463895,1.0143240,0.0088404,0.0060101,0.0059876,0.0060927,0.0129228,0.0076812,0.0104154,0.0059876
81,"Other services, except government",0.0061967,0.0033941,0.0052473,0.0070789,0.0062919,0.0082294,0.0100472,0.0098719,0.0152620,0.0169319,0.0127510,0.0088851,0.0039778,0.0093264,0.0103297,0.0059748,0.0093488,0.0071442,0.0095673,0.0086030,0.0068147,0.0146841,0.0101986,0.0054479,0.0065562,0.0102004,0.0139710,0.0117614,0.0119910,0.0099126,0.0093889,0.0094082,0.0069381,0.0206807,0.0251117,0.0327306,0.0140088,0.0131969,0.0087150,0.0065294,0.0046823,0.0112354,0.0077130,0.0083709,0.0150623,0.0077341,0.0118521,0.0091336,0.0127901,0.0223743,0.0047029,0.0069292,0.0088536,0.0140732,0.0211795,0.0441507,0.0159567,0.0092921,0.0188535,0.0108418,0.0078243,0.0104003,0.0154827,0.0088285,0.0156323,1.0081510,0.0109678,0.0310370,0.0087416,0.0232979,0.0198166,0.0205985,0.0310370
GFGD,Federal general government (defense),0.0000000,0.0000000,0.0000000,0.0000000,0.0000000,0.0000000,0.0000000,0.0000000,0.0000000,0.0000000,0.0000000,0.0000000,0.0000000,0.0000000,0.0000000,0.0000000,0.0000000,0.0000000,0.0000000,0.0000000,0.0000000,0.0000000,0.0000000,0.0000000,0.0000000,0.0000000,0.0000000,0.0000000,0.0000000,0.0000000,0.0000000,0.0000000,0.0000000,0.0000000,0.0000000,0.0000000,0.0000000,0.0000000,0.0000000,0.0000000,0.0000000,0.0000000,0.0000000,0.0000000,0.0000000,0.0000000,0.0000000,0.0000000,0.0000000,0.0000000,0.0000000,0.0000000,0.0000000,0.0000000,0.0000000,0.0000000,0.0000000,0.0000000,0.0000000,0.0000000,0.0000000,0.0000000,0.0000000,0.0000000,0.0000000,0.0000000,1.0000000,0.0000000,0.0000000,0.0000000,0.0000000,0.0000000,0.0000000
GFGN,Federal general government (nondefense),0.0051074,0.0025924,0.0051635,0.0044584,0.0084655,0.0033181,0.0036369,0.0053724,0.0053585,0.0078617,0.0059858,0.0062987,0.0103320,0.0063923,0.0083954,0.0040457,0.0055438,0.0044931,0.0058840,0.0050753,0.0036224,0.0070940,0.0055698,0.0063353,0.0042713,0.0058012,0.0054519,0.0018626,0.0030244,0.0037920,0.0038830,0.0780499,0.0040754,0.0343732,0.0048532,0.0046227,0.0039293,0.0048602,0.0020290,0.0027635,0.0039658,0.0087398,0.0030315,0.0082541,0.0662987,0.0039752,0.0415477,0.0006210,0.0037087,0.0080341,0.0013275,0.0046906,0.0031800,0.0058141,0.0031658,0.0030511,0.0026801,0.0018167,0.0027219,0.0033074,0.0024521,0.0040035,0.0040186,0.0046685,0.0060659,0.0050809,0.0135612,1.0050612,0.0022702,0.0019858,0.0040518,0.0041937,1.0050612
GFE,Federal government enterprises,0.0027435,0.0008521,0.0017140,0.0024398,0.0012987,0.0242246,0.0018413,0.0024830,0.0027583,0.0036829,0.0027695,0.0026554,0.0010258,0.0032546,0.0031880,0.0015456,0.0024045,0.0015686,0.0028832,0.0024592,0.0019651,0.0030252,0.0025599,0.0017113,0.0019005,0.0025589,0.0091614,0.0040328,0.0035255,0.0021506,0.0050779,0.0019065,0.0014952,0.0380120,0.0062410,0.0050931,0.0036206,0.0043037,0.0044284,0.0013956,0.0023893,0.0015976,0.0028726,0.0019397,0.0048782,0.0051145,0.0037640,0.0002282,0.0030881,0.0053593,0.0011893,0.0014779,0.0019278,0.0016210,0.0021290,0.0028522,0.0019083,0.0022542,0.0043552,0.0026219,0.0030206,0.0020280,0.0023896,0.0058117,0.0094155,0.0017783,0.0013530,0.0011193,1.0030423,0.0022981,0.0025551,0.0026234,0.0011193
GSLG,State and local general government,0.0045002,0.0377757,0.0029241,0.0021205,0.0049878,0.0068897,0.0030704,0.0069281,0.0033471,0.0564354,0.0154316,0.0080315,0.0015116,0.0110841,0.0080584,0.0031204,0.0056697,0.0034727,0.0031076,0.0022162,0.0015072,0.0082227,0.0024121,0.0021337,0.0013963,0.0028209,0.0016181,0.0017123,0.0020176,0.0010651,0.0018252,0.0012098,0.0018152,0.0013637,0.0025561,0.0020695,0.0023050,0.0064499,0.0014630,0.0008034,0.0019400,0.0020491,0.0039990,0.0008377,0.0013883,0.0007619,0.0013775,0.0003322,0.0055533,0.0017308,0.0007580,0.0009303,0.0015482,0.0013653,0.0040319,0.1085869,0.2234918,0.0300382,0.2031175,0.0017840,0.0107412,0.0165085,0.0147090,0.0050665,0.0019793,0.0200182,0.0013836,0.0017565,0.0016090,1.0037622,0.0038826,0.4293908,0.0017565
GSLE,State and local government enterprises,0.0109379,0.0026507,0.0083584,0.0125942,0.0034420,0.2411041,0.0062513,0.0095862,0.0158472,0.0149768,0.0107216,0.0071611,0.0028331,0.0087042,0.0083565,0.0060055,0.0095103,0.0057485,0.0108528,0.0114706,0.0067230,0.0165699,0.0107877,0.0073715,0.0092990,0.0118588,0.0085279,0.0099899,0.0385941,0.0092903,0.0099675,0.0119796,0.0063398,0.0214763,0.0167396,0.0825664,0.0123268,0.0705103,0.0112171,0.0035501,0.0050049,0.0074212,0.0063798,0.0045931,0.0071735,0.0033414,0.0082296,0.0038384,0.0373830,0.0096072,0.0047263,0.0039469,0.0057872,0.0073067,0.0066997,0.0160749,0.0102603,0.0065851,0.0099351,0.0123183,0.0075366,0.0096865,0.1803394,0.0119530,0.0125024,0.0122476,0.0073691,0.0045744,0.0115502,0.0101940,0.9754438,0.0113750,0.0045744
,Total industry output requirement,2.2643741,1.4523647,1.8429612,1.9806554,1.6230144,1.7000245,1.9036424,2.3046591,2.1176434,2.6414996,2.3290876,2.1525193,1.4628607,2.2935118,2.7683887,1.9944468,2.2724939,1.7766158,2.5544278,2.3026918,1.8628002,2.3757192,2.0172178,2.2722771,1.8988644,2.2883899,1.7513126,1.6800664,1.6327277,1.4893264,1.6673156,1.8613840,1.7938135,2.2834070,1.9739443,1.9996698,1.5736050,1.7709959,1.5798867,1.5598691,1.7538548,1.8519545,1.6756102,1.5176315,1.9742957,1.9193316,2.5390949,1.1705018,2.0823090,1.7711952,1.3515316,1.4455506,1.6202309,1.6596029,1.6907332,1.9264120,1.6610444,1.6150949,1.8139280,1.7433902,1.7195353,1.7894213,1.8755524,1.5785293,1.9024336,1.7298442,1.7370114,1.5453935,1.5926206,1.7282518,2.2461319,2.0557549,1.5453935

Legend/Footnotes
Note. Detail may not add to total due to rounding.
