"Domestic Requirements, Industry-by-Commodity - Summary"
"Domestic Requirements, Industry-by-Commodity - Summary"

,Industries/Commodities,111CA,113FF,211,212,213,22,23,321,327,331,332,333,334,335,3361MV,3364OT,337,339,311FT,313TT,315AL,322,323,324,325,326,42,441,445,452,4A0,481,482,483,484,485,486,487OS,493,511,512,513,514,521CI,523,524,525,HS,ORE,532RL,5411,5415,5412OP,55,561,562,61,621,622,623,624,711AS,713,721,722,81,GFGD,GFGN,GFE,GSLG,GSLE,Used,Other
,Industry Description,Farms,"Forestry, fishing, and related activities",Oil and gas extraction,"Mining, except oil and gas",Support activities for mining,Utilities,Construction,Wood products,Nonmetallic mineral products,Primary metals,Fabricated metal products,Machinery,Computer and electronic products,"Electrical equipment, appliances, and components","Motor vehicles, bodies and trailers, and parts",Other transportation equipment,Furniture and related products,Miscellaneous manufacturing,Food and beverage and tobacco products,Textile mills and textile product mills,Apparel and leather and allied products,Paper products,Printing and related support activities,Petroleum and coal products,Chemical products,Plastics and rubber products,Wholesale trade,Motor vehicle and parts dealers,Food and beverage stores,General merchandise stores,Other retail,Air transportation,Rail transportation,Water transportation,Truck transportation,Transit and ground passenger transportation,Pipeline transportation,Other transportation and support activities,Warehousing and storage,"Publishing industries, except internet (includes software)",Motion picture and sound recording industries,Broadcasting and telecommunications,"Data processing, internet publishing, and other information services","Federal Reserve banks, credit intermediation, and related activities","Securities, commodity contracts, and investments",Insurance carriers and related activities,"Funds, trusts, and other financial vehicles",Housing,Other real estate,Rental and leasing services and lessors of intangible assets,Legal services,Computer systems design and related services,"Miscellaneous professional, scientific, and technical services",Management of companies and enterprises,Administrative and support services,Waste management and remediation services,Educational services,Ambulatory health care services,Hospitals,Nursing and residential care facilities,Social assistance,"Performing arts, spectator sports, museums, and related activities","Amusements, gambling, and recreation industries",Accommodation,Food services and drinking places,"Other services, except government",Federal general government (defense),Federal general government (nondefense),Federal government enterprises,State and local general government,State and local government enterprises,"Scrap, used and secondhand goods",Noncomparable imports and rest-of-the-world adjustment
111CA,Farms,1.2980547,0.1328317,0.0006466,0.0012325,0.0006559,0.0006888,0.0022075,0.0183380,0.0026444,0.0012796,0.0009817,0.0007171,0.0004059,0.0010471,0.0012432,0.0004368,0.0031723,0.0024118,0.3379410,0.0297118,0.0175803,0.0054607,0.0043962,0.0011865,0.0206212,0.0057723,0.0010337,0.0012616,0.0014109,0.0005391,0.0006647,0.0013304,0.0011104,0.0019492,0.0005273,0.0006289,0.0004195,0.0007439,0.0003919,0.0004123,0.0005687,0.0005559,0.0007570,0.0005176,0.0006306,0.0002995,0.0006370,0.0001139,0.0015078,0.0007609,0.0003717,0.0006349,0.0015645,0.0007463,0.0018184,0.0021979,0.0075675,0.0017868,0.0053141,0.0063307,0.0166538,0.0028756,0.0180228,0.0055212,0.0209074,0.0011597,0.0029419,0.0003577,0.0017876,0.0139114,0.0012466,0.0072343,0.0003577
113FF,"Forestry, fishing, and related activities",0.0709814,0.9851908,0.0002066,0.0017514,0.0003881,0.0003889,0.0033227,0.1230101,0.0012164,0.0013102,0.0008843,0.0006758,0.0003278,0.0012807,0.0012743,0.0003202,0.0111266,0.0019294,0.0200488,0.0025112,0.0083316,0.0235632,0.0024976,0.0002261,0.0016377,0.0035293,0.0006701,0.0003270,0.0007429,0.0002386,0.0003682,0.0002094,0.0050103,0.0003394,0.0003423,0.0004131,0.0002596,0.0003867,0.0002534,0.0001764,0.0001841,0.0003036,0.0003981,0.0001565,0.0002158,0.0001327,0.0001896,0.0001147,0.0008819,0.0003914,0.0001264,0.0001571,0.0003975,0.0002345,0.0004631,0.0005669,0.0010110,0.0003764,0.0009052,0.0006288,0.0015044,0.0003506,0.0015495,0.0010161,0.0019540,0.0005565,0.0003845,0.0002702,0.0003163,0.0025427,0.0009174,0.0058984,0.0002702
211,Oil and gas extraction,0.0090559,0.0028624,1.0536895,0.0089765,0.0038310,0.0367884,0.0086211,0.0057062,0.0062980,0.0069349,0.0038444,0.0031483,0.0010514,0.0049145,0.0030473,0.0014752,0.0043211,0.0040297,0.0057970,0.0082950,0.0025247,0.0063590,0.0055467,0.3758902,0.0305957,0.0096482,0.0021449,0.0025868,0.0036952,0.0017713,0.0021844,0.0234987,0.0089309,0.0191235,0.0201196,0.0121658,0.0042769,0.0126224,0.0077846,0.0016085,0.0012432,0.0016219,0.0018764,0.0019844,0.0032487,0.0006010,0.0030745,0.0005253,0.0046488,0.0026780,0.0007217,0.0012974,0.0015948,0.0014182,0.0029153,0.0070764,0.0080563,0.0029331,0.0044953,0.0028816,0.0025477,0.0021387,0.0109773,0.0026855,0.0031774,0.0024931,0.0040556,0.0015847,0.0103491,0.0114666,0.0433606,0.0076249,0.0015847
212,"Mining, except oil and gas",0.0045466,0.0007303,0.0024172,1.0817460,0.0029882,0.0107810,0.0136387,0.0022597,0.0807580,0.0504702,0.0122297,0.0056651,0.0009882,0.0072860,0.0056820,0.0020736,0.0040957,0.0030364,0.0033183,0.0036665,0.0013565,0.0083755,0.0020979,0.0047403,0.0099146,0.0043809,0.0006443,0.0007693,0.0012050,0.0006083,0.0006861,0.0007712,0.0024613,0.0013227,0.0010324,0.0019544,0.0014413,0.0016651,0.0007639,0.0005422,0.0005974,0.0010971,0.0024043,0.0004433,0.0005884,0.0002647,0.0006287,0.0004798,0.0017751,0.0007901,0.0003088,0.0004504,0.0012841,0.0005729,0.0017006,0.0017955,0.0024890,0.0008387,0.0011714,0.0010131,0.0013439,0.0025170,0.0065233,0.0014792,0.0016425,0.0023950,0.0009963,0.0058702,0.0007979,0.0016798,0.0157552,0.0073561,0.0058702
213,Support activities for mining,0.0006177,0.0001806,0.0593730,0.0227040,1.0194665,0.0023122,0.0008334,0.0004070,0.0020412,0.0014704,0.0017200,0.0003624,0.0001058,0.0005323,0.0003444,0.0001754,0.0004006,0.0003244,0.0004259,0.0005658,0.0001801,0.0005760,0.0003801,0.0216252,0.0019429,0.0006757,0.0001408,0.0001681,0.0002392,0.0001160,0.0001425,0.0013648,0.0005719,0.0011525,0.0011803,0.0007430,0.0003087,0.0007610,0.0004661,0.0001067,0.0000852,0.0001269,0.0001632,0.0001249,0.0002014,0.0000414,0.0001916,0.0000418,0.0003079,0.0001767,0.0000490,0.0000897,0.0001326,0.0001015,0.0002070,0.0004661,0.0005139,0.0001872,0.0002864,0.0001885,0.0001839,0.0001763,0.0007675,0.0001914,0.0002224,0.0002013,0.0002684,0.0002169,0.0006076,0.0006964,0.0028117,0.0006341,0.0002169
22,Utilities,0.0267692,0.0048249,0.0203714,0.0322042,0.0049407,0.7902602,0.0105425,0.0176975,0.0346607,0.0274982,0.0189756,0.0107811,0.0050599,0.0140359,0.0116039,0.0107988,0.0148836,0.0089212,0.0200036,0.0215522,0.0123067,0.0351744,0.0194773,0.0120623,0.0177189,0.0232197,0.0086144,0.0147214,0.0258989,0.0186478,0.0132301,0.0099667,0.0045365,0.0086074,0.0152206,0.0087590,0.0266472,0.0081791,0.0164015,0.0044478,0.0058060,0.0128598,0.0101734,0.0054733,0.0063930,0.0025600,0.0135236,0.0008613,0.0235658,0.0069345,0.0036572,0.0036964,0.0062205,0.0084153,0.0068563,0.0166451,0.0166387,0.0075288,0.0125293,0.0164909,0.0091361,0.0098521,0.0198587,0.0218352,0.0215532,0.0116206,0.0090358,0.0047854,0.0239405,0.0141039,0.0591561,0.0174255,0.0047854
23,Construction,0.0095902,0.0028130,0.0060303,0.0421309,0.0161012,0.0470177,1.0049010,0.0081282,0.0172994,0.0139080,0.0102496,0.0062061,0.0028705,0.0066821,0.0060559,0.0040811,0.0074198,0.0053334,0.0088857,0.0076601,0.0039108,0.0139384,0.0093033,0.0118039,0.0064923,0.0091466,0.0068266,0.0110723,0.0150977,0.0118279,0.0098244,0.0057961,0.0367518,0.0085817,0.0081904,0.0210328,0.0395658,0.0169180,0.0101322,0.0036976,0.0039330,0.0085965,0.0061439,0.0085322,0.0088306,0.0035071,0.0076983,0.0283994,0.0401907,0.0078351,0.0036499,0.0025171,0.0053743,0.0063233,0.0048844,0.0089992,0.0109168,0.0053276,0.0114063,0.0099850,0.0077626,0.0071578,0.0367773,0.0200302,0.0099062,0.0129287,0.0183731,0.0046439,0.0098711,0.0195973,0.1561284,0.0139056,0.0046439
321,Wood products,0.0044425,0.0018639,0.0011712,0.0061486,0.0028989,0.0027751,0.0301756,1.2016906,0.0057551,0.0082497,0.0056180,0.0042910,0.0022294,0.0083972,0.0084503,0.0019827,0.0992698,0.0093859,0.0039447,0.0034735,0.0017927,0.0298494,0.0040252,0.0011222,0.0019312,0.0110783,0.0049477,0.0020005,0.0044310,0.0016185,0.0025728,0.0008147,0.0482802,0.0015868,0.0024449,0.0018544,0.0018552,0.0021378,0.0017467,0.0009314,0.0011102,0.0021451,0.0028512,0.0008415,0.0011616,0.0005434,0.0009897,0.0009816,0.0070078,0.0025670,0.0006657,0.0006589,0.0015561,0.0010764,0.0021559,0.0018716,0.0019018,0.0014913,0.0023051,0.0016093,0.0040221,0.0011481,0.0036521,0.0039247,0.0026037,0.0034582,0.0014478,0.0012083,0.0012751,0.0030031,0.0071962,0.0377810,0.0012083
327,Nonmetallic mineral products,0.0013115,0.0003983,0.0048364,0.0162542,0.0065220,0.0046133,0.0393567,0.0072993,1.0968202,0.0123495,0.0055853,0.0042866,0.0010459,0.0106786,0.0111201,0.0015722,0.0063039,0.0045501,0.0039140,0.0028752,0.0060923,0.0041346,0.0014327,0.0035925,0.0029226,0.0077263,0.0008278,0.0013145,0.0013411,0.0007698,0.0010860,0.0008155,0.0024283,0.0014015,0.0012520,0.0020975,0.0020656,0.0017551,0.0009512,0.0005306,0.0004505,0.0022742,0.0014944,0.0006329,0.0008201,0.0004044,0.0007427,0.0012272,0.0024925,0.0021475,0.0003727,0.0007231,0.0021970,0.0007106,0.0014166,0.0021867,0.0011639,0.0020902,0.0019723,0.0012568,0.0026809,0.0007730,0.0041097,0.0015278,0.0023789,0.0026504,0.0015345,0.0011728,0.0009313,0.0018090,0.0156837,0.0045075,0.0011728
331,Primary metals,0.0032618,0.0011112,0.0288310,0.0129868,0.0063678,0.0056564,0.0188093,0.0118271,0.0240089,1.1918766,0.2410354,0.1125431,0.0153166,0.1333590,0.0991650,0.0333420,0.0596052,0.0338796,0.0090477,0.0110847,0.0044804,0.0173312,0.0074028,0.0127979,0.0050356,0.0176651,0.0023660,0.0020082,0.0020757,0.0011977,0.0016564,0.0020494,0.0122845,0.0077944,0.0039874,0.0035295,0.0079088,0.0042506,0.0033114,0.0013032,0.0008215,0.0035969,0.0029690,0.0008267,0.0012490,0.0005649,0.0011119,0.0007169,0.0039711,0.0028428,0.0006030,0.0018111,0.0024036,0.0012998,0.0031912,0.0094337,0.0033768,0.0016545,0.0025703,0.0016980,0.0047304,0.0012825,0.0058504,0.0024144,0.0026848,0.0094472,0.0066212,0.0040395,0.0032011,0.0027774,0.0126272,0.1283756,0.0040395
332,Fabricated metal products,0.0076894,0.0025731,0.0256582,0.0165295,0.0103779,0.0130308,0.0541495,0.0340842,0.0267545,0.0747393,1.0955939,0.0703010,0.0244135,0.0952607,0.0527691,0.0445485,0.0645706,0.0331045,0.0244155,0.0230225,0.0080668,0.0382385,0.0205759,0.0119760,0.0133033,0.0386675,0.0042707,0.0039347,0.0040747,0.0024385,0.0032410,0.0039487,0.0095489,0.0271586,0.0080843,0.0081485,0.0320331,0.0088541,0.0076086,0.0033249,0.0016268,0.0103159,0.0056588,0.0018036,0.0025808,0.0011378,0.0023180,0.0019037,0.0059447,0.0065205,0.0011686,0.0051496,0.0048316,0.0027291,0.0049174,0.0230441,0.0055143,0.0028720,0.0053113,0.0031762,0.0097406,0.0021630,0.0103181,0.0071823,0.0065106,0.0203590,0.0137250,0.0056749,0.0049910,0.0059165,0.0314066,0.3152276,0.0056749
333,Machinery,0.0022446,0.0006810,0.0175979,0.0185649,0.0147374,0.0027736,0.0145119,0.0041551,0.0048143,0.0109968,0.0152540,1.0286175,0.0029954,0.0168257,0.0336691,0.0101082,0.0035110,0.0021432,0.0038033,0.0030485,0.0011287,0.0032525,0.0094430,0.0067950,0.0047683,0.0085189,0.0012961,0.0014481,0.0013457,0.0009111,0.0011070,0.0009922,0.0021769,0.0020310,0.0022141,0.0016900,0.0019724,0.0017541,0.0061654,0.0007133,0.0005405,0.0015787,0.0023071,0.0004655,0.0007290,0.0003191,0.0006528,0.0005201,0.0018180,0.0025757,0.0003710,0.0014658,0.0012877,0.0008124,0.0020622,0.0108263,0.0041128,0.0009795,0.0017092,0.0013275,0.0016780,0.0007884,0.0026789,0.0009262,0.0014973,0.0060452,0.0034624,0.0011991,-0.0004691,0.0021101,0.0064091,0.0379475,0.0011991
334,Computer and electronic products,0.0017491,0.0005513,0.0015833,0.0016863,0.0009047,0.0016189,0.0038999,0.0076639,0.0053307,0.0081505,0.0117655,0.0137546,1.0460320,0.0238049,0.0132313,0.0388752,0.0107652,0.0217145,0.0035831,0.0085010,0.0023608,0.0066230,0.0108639,0.0011893,0.0047922,0.0095524,0.0066728,0.0020809,0.0009352,0.0006207,0.0009256,0.0008153,0.0019543,0.0020703,0.0010207,0.0012054,0.0009816,0.0011778,0.0007594,0.0028706,0.0025482,0.0060983,0.0032463,0.0005584,0.0009175,0.0004011,0.0011592,0.0001919,0.0012109,0.0013233,0.0006971,0.0041833,0.0025338,0.0034186,0.0018877,0.0033014,0.0028875,0.0043013,0.0016350,0.0010484,0.0013018,0.0006975,0.0016594,0.0013076,0.0012452,0.0028410,0.0188660,0.0068737,0.0007333,0.0015073,0.0046527,0.0061156,0.0068737
335,"Electrical equipment, appliances, and components",0.0019423,0.0005706,0.0013207,0.0014681,0.0009359,0.0024164,0.0114128,0.0019719,0.0017657,0.0085397,0.0059343,0.0217951,0.0036959,1.0128945,0.0187835,0.0032851,0.0016532,0.0026798,0.0013449,0.0012663,0.0007143,0.0012470,0.0009929,0.0007968,0.0013740,0.0028181,0.0028558,0.0012109,0.0009509,0.0011151,0.0006447,0.0004534,0.0028048,0.0014614,0.0010708,0.0016485,0.0009637,0.0011226,0.0012141,0.0004320,0.0002716,0.0014388,0.0007885,0.0003829,0.0005191,0.0002428,0.0004627,0.0003977,0.0012902,0.0013605,0.0002369,0.0015541,0.0011813,0.0006168,0.0014024,0.0054487,0.0010660,0.0004838,0.0010469,0.0006369,0.0035926,0.0004580,0.0042885,0.0006539,0.0008183,0.0033278,0.0035011,0.0059385,0.0007050,0.0011204,0.0085461,0.0041074,0.0059385
3361MV,"Motor vehicles, bodies and trailers, and parts",0.0034639,0.0015281,0.0041301,0.0073498,0.0031178,0.0029047,0.0031485,0.0112780,0.0050123,0.0081355,0.0089709,0.0269328,0.0026942,0.0072978,1.2338858,0.0311576,0.0063402,0.0037098,0.0051583,0.0203842,0.0028763,0.0066001,0.0033259,0.0020676,0.0020553,0.0039032,0.0038769,0.0054585,0.0049322,0.0015031,0.0035754,0.0014800,0.0026971,0.0046053,0.0121536,0.0065838,0.0015832,0.0031867,0.0064537,0.0014085,0.0011328,0.0020990,0.0021389,0.0008132,0.0012963,0.0006621,0.0010777,0.0002918,0.0027901,0.0053341,0.0006878,0.0012754,0.0023009,0.0017217,0.0115068,0.0099728,0.0043998,0.0016553,0.0034887,0.0018792,0.0071983,0.0022209,0.0027666,0.0016185,0.0025032,0.0126834,0.0114798,0.0016172,0.0229148,0.0046351,0.0059364,0.0418536,0.0016172
3364OT,Other transportation equipment,0.0003286,0.0001997,0.0002306,0.0004000,0.0001964,0.0003908,0.0003204,0.0005803,0.0006065,0.0008623,0.0008437,0.0036650,0.0019791,0.0031268,0.0068584,1.1280444,0.0003888,0.0002451,0.0004368,0.0002995,0.0001567,0.0005161,0.0002947,0.0001711,0.0003024,0.0014856,0.0003373,0.0002229,0.0001879,0.0000910,0.0002186,0.0063525,0.0155769,0.0208811,0.0010861,0.0014486,0.0002190,0.0052526,0.0003358,0.0001226,0.0001213,0.0001566,0.0002048,0.0001019,0.0001833,0.0000732,0.0001557,0.0000231,0.0002222,0.0002303,0.0000752,0.0001427,0.0008533,0.0001379,0.0002989,0.0009347,0.0001779,0.0001390,0.0001917,0.0001434,0.0002021,0.0001537,0.0006589,0.0001099,0.0001806,0.0003576,0.0622449,0.0012749,0.0007196,0.0001923,0.0007977,0.0039989,0.0012749
337,Furniture and related products,0.0001477,0.0000463,0.0001088,0.0004396,0.0001787,0.0008417,0.0084284,0.0061358,0.0005294,0.0003403,0.0008103,0.0007751,0.0004649,0.0003939,0.0002580,0.0001543,0.9956120,0.0024436,0.0001702,0.0017476,0.0007406,0.0003839,0.0002882,0.0001327,0.0001296,0.0011592,0.0001676,0.0003051,0.0002402,0.0001380,0.0002483,0.0000944,0.0005744,0.0001658,0.0001364,0.0003537,0.0003899,0.0002961,0.0001339,0.0000873,0.0000723,0.0002275,0.0004658,0.0001047,0.0001209,0.0000521,0.0001145,0.0005158,0.0004898,0.0001270,0.0000706,0.0000613,0.0001574,0.0000963,0.0001091,0.0001687,0.0001500,0.0001461,0.0002503,0.0001581,0.0008702,0.0002148,0.0008870,0.0002438,0.0003905,0.0003306,0.0002190,0.0000845,0.0003668,0.0002325,0.0030373,0.0003313,0.0000845
339,Miscellaneous manufacturing,0.0003780,0.0001325,0.0003046,0.0004526,0.0002449,0.0002843,0.0009703,0.0012269,0.0008325,0.0005583,0.0028117,0.0032549,0.0027711,0.0022857,0.0026352,0.0006054,0.0036432,0.9718472,0.0004445,0.0032220,0.0620154,0.0007865,0.0058294,0.0001768,0.0005867,0.0043030,0.0005189,0.0005737,0.0004357,0.0001717,0.0004942,0.0001586,0.0002585,0.0004338,0.0002749,0.0004321,0.0003068,0.0003908,0.0005023,0.0002538,0.0002208,0.0003471,0.0003951,0.0001912,0.0002911,0.0001595,0.0002443,0.0000595,0.0004741,0.0003638,0.0001389,0.0002379,0.0015100,0.0002564,0.0012242,0.0019261,0.0006837,0.0078238,0.0093795,0.0008335,0.0016644,0.0007287,0.0006560,0.0002471,0.0004730,0.0017178,0.0018707,0.0005858,0.0002741,0.0011954,0.0007035,0.0011374,0.0005858
311FT,Food and beverage and tobacco products,0.1104183,0.0150525,0.0008194,0.0010106,0.0009241,0.0011999,0.0012241,0.0037088,0.0064058,0.0025497,0.0013817,0.0009681,0.0004271,0.0012447,0.0014207,0.0005476,0.0017426,0.0015899,1.1885782,0.0060594,0.0505172,0.0038440,0.0094991,0.0013407,0.0143697,0.0046829,0.0025133,0.0011352,0.0027799,0.0013225,0.0011718,0.0038590,0.0007964,0.0056056,0.0009859,0.0010298,0.0006814,0.0013088,0.0007069,0.0008008,0.0013915,0.0011770,0.0016410,0.0012570,0.0014286,0.0006553,0.0015375,0.0001471,0.0033328,0.0016467,0.0008630,0.0014685,0.0030965,0.0015828,0.0018053,0.0055321,0.0225326,0.0038195,0.0152257,0.0207195,0.0574871,0.0092522,0.0215293,0.0174848,0.0661153,0.0028977,0.0091640,0.0012404,0.0057855,0.0406917,0.0015002,0.0183939,0.0012404
313TT,Textile mills and textile product mills,0.0005050,0.0001575,0.0002148,0.0003404,0.0001740,0.0001969,0.0011393,0.0034969,0.0017055,0.0004913,0.0006971,0.0021289,0.0003405,0.0006571,0.0041023,0.0018661,0.0191085,0.0079102,0.0008761,1.0444859,0.0699529,0.0163317,0.0076087,0.0002506,0.0046706,0.0071220,0.0005084,0.0002001,0.0002983,0.0002849,0.0007586,0.0001096,0.0003028,0.0005100,0.0002300,0.0002774,0.0001263,0.0002556,0.0001363,0.0001313,0.0007139,0.0001813,0.0001674,0.0000715,0.0001133,0.0000974,0.0000956,0.0000488,0.0002188,0.0003502,0.0000631,0.0000966,0.0002540,0.0001256,0.0002766,0.0003753,0.0002356,0.0003364,0.0004008,0.0005599,0.0008393,0.0001304,0.0004218,0.0005030,0.0003181,0.0003804,0.0006871,0.0004398,0.0003025,0.0004160,0.0005086,0.0014694,0.0004398
315AL,Apparel and leather and allied products,0.0001427,0.0000263,0.0000153,0.0000213,0.0000134,0.0000615,0.0000295,0.0000470,0.0001466,0.0000384,0.0000301,0.0000422,0.0000112,0.0000281,0.0007124,0.0000360,0.0001014,0.0004350,0.0008933,0.0043884,0.8962563,0.0000982,0.0001381,0.0000135,0.0000950,0.0000618,0.0000881,0.0000240,0.0000243,0.0002065,0.0000901,0.0000151,0.0000156,0.0000903,0.0000401,0.0000431,0.0000208,0.0000267,0.0000212,0.0000131,0.0000182,0.0000204,0.0000178,0.0000122,0.0000217,0.0000151,0.0000181,0.0000069,0.0000353,0.0000396,0.0000089,0.0000128,0.0000206,0.0000188,0.0000667,0.0002754,0.0000571,0.0000258,0.0000596,0.0000361,0.0000661,0.0000652,0.0000948,0.0000442,0.0000813,0.0005764,0.0000765,0.0000346,0.0015771,0.0001353,0.0000750,0.0001254,0.0000346
322,Paper products,0.0057442,0.0014385,0.0021095,0.0038204,0.0022241,0.0020977,0.0058140,0.0183871,0.0230200,0.0174495,0.0128645,0.0091916,0.0036726,0.0192022,0.0164710,0.0043086,0.0304006,0.0227459,0.0323470,0.0240004,0.0057924,1.2193073,0.1025836,0.0017768,0.0097639,0.0279152,0.0048584,0.0020265,0.0039827,0.0018586,0.0029327,0.0017739,0.0028105,0.0030343,0.0028918,0.0103183,0.0020296,0.0059870,0.0025431,0.0027749,0.0015973,0.0020077,0.0025010,0.0017220,0.0026296,0.0029612,0.0021047,0.0003542,0.0031103,0.0039300,0.0017155,0.0021493,0.0037163,0.0021221,0.0070247,0.0054462,0.0045742,0.0030532,0.0046628,0.0043461,0.0070840,0.0021335,0.0033934,0.0115923,0.0075818,0.0052524,0.0027545,0.0065085,0.0032044,0.0081617,0.0036949,0.0634293,0.0065085
323,Printing and related support activities,0.0009763,0.0005184,0.0007578,0.0009450,0.0008482,0.0011964,0.0011726,0.0013409,0.0011021,0.0024254,0.0016230,0.0012900,0.0004385,0.0012391,0.0013800,0.0006683,0.0018049,0.0057824,0.0013074,0.0174073,0.0020712,0.0050779,0.9977940,0.0005223,0.0007312,0.0019420,0.0043059,0.0017529,0.0012236,0.0009325,0.0052039,0.0007166,0.0009749,0.0015415,0.0013805,0.0023902,0.0009275,0.0016717,0.0007034,0.0064089,0.0035280,0.0015348,0.0059710,0.0014283,0.0027976,0.0035226,0.0022358,0.0001781,0.0015569,0.0019494,0.0016782,0.0013245,0.0077477,0.0020350,0.0031702,0.0015475,0.0028435,0.0019846,0.0041172,0.0013548,0.0052651,0.0041017,0.0022868,0.0019502,0.0018879,0.0025793,0.0025724,0.0035702,0.0011160,0.0044909,0.0025100,0.0155450,0.0035702
324,Petroleum and coal products,0.0177491,0.0059875,0.0108556,0.0168508,0.0083891,0.0218004,0.0196454,0.0095894,0.0109978,0.0139085,0.0067189,0.0046389,0.0015925,0.0097425,0.0051172,0.0022283,0.0075205,0.0071983,0.0105867,0.0112835,0.0037116,0.0101791,0.0090550,0.9338200,0.0393430,0.0131617,0.0035940,0.0040121,0.0041693,0.0021745,0.0031774,0.0568614,0.0211797,0.0446066,0.0474920,0.0234790,0.0052959,0.0255403,0.0096976,0.0016327,0.0016640,0.0022771,0.0025730,0.0041150,0.0069299,0.0009399,0.0059766,0.0009331,0.0066713,0.0052232,0.0010946,0.0024962,0.0025939,0.0022030,0.0057359,0.0136110,0.0101768,0.0042546,0.0086216,0.0044261,0.0045602,0.0032324,0.0108615,0.0038164,0.0050752,0.0038383,0.0087149,0.0029377,0.0083978,0.0260316,0.0336860,0.0158029,0.0029377
325,Chemical products,0.0703782,0.0196766,0.0222234,0.0214580,0.0100502,0.0112605,0.0190523,0.0704092,0.0368121,0.0149659,0.0246470,0.0165450,0.0146077,0.0311358,0.0353092,0.0102757,0.0485774,0.0562368,0.0501866,0.2245499,0.0366074,0.0586021,0.0779383,0.0507114,1.1321255,0.2619862,0.0061999,0.0042864,0.0051949,0.0024975,0.0046866,0.0050060,0.0080416,0.0072444,0.0064761,0.0070236,0.0036868,0.0067388,0.0045869,0.0035141,0.0040421,0.0047343,0.0057410,0.0020469,0.0033608,0.0021261,0.0029266,0.0010341,0.0100078,0.0046071,0.0017647,0.0032048,0.0106488,0.0037925,0.0124051,0.0176204,0.0102991,0.0321216,0.0274099,0.0150662,0.0089306,0.0048550,0.0125824,0.0042253,0.0082725,0.0079613,0.0069577,0.0087280,0.0036425,0.0231875,0.0281833,0.0307729,0.0087280
326,Plastics and rubber products,0.0088132,0.0023494,0.0023902,0.0092229,0.0039123,0.0050074,0.0159754,0.0141417,0.0110915,0.0086750,0.0106294,0.0201655,0.0081345,0.0216592,0.0343129,0.0102231,0.0383693,0.0333309,0.0260811,0.0507812,0.0079246,0.0243387,0.0316218,0.0022581,0.0143155,1.0464344,0.0097809,0.0042546,0.0065409,0.0022025,0.0044464,0.0021113,0.0027543,0.0034318,0.0040591,0.0040245,0.0023586,0.0079045,0.0026476,0.0018476,0.0015423,0.0065399,0.0030905,0.0010169,0.0016640,0.0023943,0.0015413,0.0006467,0.0030844,0.0050572,0.0008246,0.0033124,0.0045153,0.0015744,0.0044369,0.0059806,0.0039539,0.0088677,0.0066915,0.0080198,0.0083291,0.0017823,0.0057925,0.0026567,0.0094073,0.0056184,0.0072191,0.0034363,0.0019654,0.0069898,0.0161279,0.0317583,0.0034363
42,Wholesale trade,0.1423656,0.0454872,0.0504136,0.0635016,0.0325928,0.0332187,0.0801282,0.1400096,0.0831255,0.1489118,0.1074575,0.1138543,0.0582613,0.1265577,0.1898659,0.0730310,0.1195652,0.0743664,0.1595915,0.1111750,0.0722275,0.1190772,0.0805521,0.0571113,0.0901694,0.1259193,1.0409701,0.0238850,0.0192500,0.0161786,0.0256778,0.0277017,0.0466093,0.0574027,0.0443442,0.0288671,0.0190279,0.0322714,0.0224643,0.0307100,0.0077028,0.0334609,0.0196908,0.0079497,0.0133359,0.0059123,0.0134496,0.0035330,0.0206956,0.0445628,0.0070961,0.0142889,0.0250404,0.0253878,0.0258590,0.0455313,0.0258550,0.0372196,0.0358763,0.0249979,0.0378018,0.0136527,0.0366714,0.0222209,0.0442206,0.0307270,0.0493813,0.0223726,0.0251281,0.0407559,0.0697302,0.0789223,0.0223726
441,Motor vehicle and parts dealers,0.0005811,0.0001925,0.0011262,0.0025498,0.0011772,0.0004338,0.0020314,0.0038499,0.0022639,0.0014230,0.0018911,0.0053515,0.0006945,0.0007167,0.0073167,0.0025517,0.0024019,0.0018891,0.0021725,0.0011726,0.0007611,0.0030388,0.0013642,0.0005559,0.0009106,0.0012952,0.0004643,1.0017681,0.0024330,0.0005939,0.0016576,0.0004352,0.0007673,0.0011644,0.0042275,0.0008712,0.0004704,0.0007369,0.0007098,0.0004705,0.0003919,0.0005085,0.0005008,0.0002739,0.0004121,0.0001937,0.0003266,0.0001651,0.0010003,0.0023378,0.0002188,0.0004116,0.0006780,0.0004257,0.0039435,0.0013556,0.0004445,0.0003420,0.0005599,0.0004727,0.0004274,0.0004161,0.0006873,0.0004990,0.0006979,0.0054159,0.0005211,0.0004108,0.0003698,0.0004968,0.0008702,0.0015667,0.0004108
445,Food and beverage stores,0.0001568,0.0000268,0.0000181,0.0000334,0.0000170,0.0000945,0.0001316,0.0000421,0.0000616,0.0000486,0.0000354,0.0000404,0.0000119,0.0000515,0.0000373,0.0000151,0.0000691,0.0000494,0.0000888,0.0000452,0.0000274,0.0000457,0.0002596,0.0000233,0.0000713,0.0000441,0.0000324,0.0000447,0.9751556,0.0000213,0.0000348,0.0000749,0.0000624,0.0000419,0.0007014,0.0002820,0.0000242,0.0001915,0.0000280,0.0000168,0.0000160,0.0000187,0.0000265,0.0000258,0.0000315,0.0000137,0.0000312,0.0000279,0.0000853,0.0000397,0.0000177,0.0000282,0.0000292,0.0000254,0.0000826,0.0000546,0.0000357,0.0000474,0.0000523,0.0000639,0.0000425,0.0000275,0.0000412,0.0001450,0.0011514,0.0000388,0.0000229,0.0000170,0.0000251,0.0000348,0.0000493,0.0000403,0.0000170
452,General merchandise stores,0.0004360,0.0000788,0.0000892,0.0001931,0.0000837,0.0002567,0.0009102,0.0002619,0.0002410,0.0001794,0.0001659,0.0003380,0.0000642,0.0002305,0.0003742,0.0001286,0.0003598,0.0002711,0.0003304,0.0001864,0.0001055,0.0002355,0.0008902,0.0000792,0.0001531,0.0001539,0.0000928,0.0001917,0.0002037,1.0000792,0.0001633,0.0001162,0.0002093,0.0001566,0.0020012,0.0007838,0.0000957,0.0005224,0.0000978,0.0000590,0.0000506,0.0000677,0.0000796,0.0000559,0.0000826,0.0000361,0.0000680,0.0001562,0.0002671,0.0001972,0.0000413,0.0000595,0.0000877,0.0000620,0.0004049,0.0001819,0.0001414,0.0000726,0.0001059,0.0000969,0.0000904,0.0000941,0.0001305,0.0003436,0.0003797,0.0003347,0.0000791,0.0000628,0.0000728,0.0000934,0.0002261,0.0001572,0.0000628
4A0,Other retail,0.0053698,0.0009643,0.0010273,0.0035026,0.0012207,0.0048278,0.0412874,0.0058662,0.0025661,0.0023369,0.0018897,0.0029736,0.0007295,0.0029812,0.0028154,0.0010212,0.0044441,0.0031943,0.0038149,0.0032805,0.0012405,0.0027374,0.0171972,0.0013870,0.0039326,0.0023716,0.0013272,0.0041991,0.0020894,0.0029668,1.0020913,0.0016026,0.0035001,0.0093909,0.0238413,0.0093955,0.0022593,0.0072601,0.0012889,0.0006896,0.0007978,0.0009800,0.0010684,0.0009669,0.0012651,0.0005379,0.0010687,0.0027870,0.0038596,0.0015104,0.0005527,0.0007012,0.0011021,0.0008177,0.0025039,0.0021928,0.0013967,0.0012358,0.0015994,0.0016253,0.0013809,0.0029225,0.0033144,0.0070206,0.0076071,0.0031379,0.0014544,0.0007825,0.0012227,0.0016942,0.0073739,0.0021895,0.0007825
481,Air transportation,0.0024814,0.0147160,0.0008011,0.0013161,0.0012454,0.0011823,0.0015198,0.0039098,0.0049607,0.0023489,0.0018462,0.0015053,0.0005786,0.0015514,0.0021146,0.0011514,0.0020948,0.0013031,0.0022578,0.0017115,0.0012774,0.0023749,0.0018987,0.0006582,0.0011966,0.0023742,0.0027549,0.0013175,0.0010986,0.0007613,0.0013246,1.0024807,0.0011091,0.0046115,0.0080106,0.0015425,0.0007988,0.0061628,0.0029024,0.0011144,0.0011924,0.0010952,0.0017739,0.0019734,0.0028401,0.0004841,0.0027713,0.0001783,0.0040032,0.0025614,0.0011648,0.0025073,0.0020307,0.0011059,0.0023648,0.0026528,0.0018324,0.0018639,0.0013976,0.0015303,0.0019050,0.0011427,0.0018255,0.0009287,0.0018850,0.0012391,0.0086358,0.0066717,0.0051577,0.0015034,0.0014176,0.0018884,0.0066717
482,Rail transportation,0.0078241,0.0015358,0.0025586,0.0078015,0.0016467,0.0052983,0.0033681,0.0093666,0.0186109,0.0167763,0.0071729,0.0038097,0.0008271,0.0056250,0.0050984,0.0018650,0.0064467,0.0032575,0.0105414,0.0045037,0.0015446,0.0168245,0.0042403,0.0035508,0.0071748,0.0104946,0.0007831,0.0006441,0.0009332,0.0004418,0.0006315,0.0012919,1.0020987,0.0017122,0.0112234,0.0013719,0.0008511,0.0026177,0.0007541,0.0003550,0.0003211,0.0007425,0.0005849,0.0003088,0.0004882,0.0002521,0.0004544,0.0001823,0.0011256,0.0007400,0.0002788,0.0003793,0.0007858,0.0003863,0.0011926,0.0017693,0.0011520,0.0010399,0.0012636,0.0010021,0.0016577,0.0005869,0.0022232,0.0010458,0.0021752,0.0009419,0.0011802,0.0031595,0.0082602,0.0021632,0.0071079,0.0052514,0.0031595
483,Water transportation,0.0027384,0.0004079,0.0012776,0.0018384,0.0004618,0.0009008,0.0009237,0.0003587,0.0033903,0.0024285,0.0010546,0.0005316,0.0001345,0.0011117,0.0005516,0.0002142,0.0005269,0.0005473,0.0028311,0.0008137,0.0003009,0.0008904,0.0002991,0.0007260,0.0011891,0.0009044,0.0002132,0.0001747,0.0001728,0.0000935,0.0001626,0.0002289,0.0002298,0.9903254,0.0002782,0.0002436,0.0003225,0.0003947,0.0002827,0.0000983,0.0000861,0.0001180,0.0001463,0.0000750,0.0001363,0.0000939,0.0001171,0.0000410,0.0002309,0.0001807,0.0000490,0.0000816,0.0002573,0.0001150,0.0002426,0.0003532,0.0004179,0.0002633,0.0003422,0.0002136,0.0003391,0.0001421,0.0004204,0.0002433,0.0004433,0.0001796,0.0032730,0.0006664,0.0131867,0.0005965,0.0009530,0.0007810,0.0006664
484,Truck transportation,0.0367359,0.0130364,0.0079821,0.0209655,0.0056930,0.0082106,0.0212764,0.0324561,0.0423793,0.0454496,0.0247417,0.0181095,0.0060630,0.0218892,0.0236739,0.0106871,0.0282975,0.0130405,0.0523400,0.0242037,0.0146231,0.0303637,0.0163009,0.0165898,0.0137000,0.0197411,0.0085354,0.0113533,0.0082300,0.0048593,0.0089444,0.0183508,0.0107581,0.0139940,1.0456281,0.0072947,0.0056570,0.0861063,0.0130889,0.0035924,0.0024111,0.0036708,0.0044160,0.0015102,0.0027900,0.0012819,0.0024451,0.0008516,0.0053825,0.0052472,0.0014618,0.0023424,0.0043206,0.0023171,0.0047191,0.0434932,0.0053093,0.0041761,0.0061041,0.0047582,0.0083114,0.0038160,0.0081288,0.0050015,0.0085393,0.0056200,0.0131834,0.0037882,0.0150073,0.0081009,0.0134105,0.0172943,0.0037882
485,Transit and ground passenger transportation,0.0009069,0.0006229,0.0009468,0.0012369,0.0019448,0.0027880,0.0016306,0.0020078,0.0022815,0.0020581,0.0019137,0.0012948,0.0004134,0.0011357,0.0013455,0.0007123,0.0020791,0.0013424,0.0013639,0.0011313,0.0012963,0.0019564,0.0023549,0.0005968,0.0007378,0.0018254,0.0023929,0.0020818,0.0017051,0.0012734,0.0018449,0.0010493,0.0051854,0.0022430,0.0013955,0.9247520,0.0011407,0.0020521,0.0011751,0.0019635,0.0031473,0.0029098,0.0038783,0.0050484,0.0057264,0.0020385,0.0055599,0.0003769,0.0089240,0.0048095,0.0029831,0.0062087,0.0034952,0.0022725,0.0046107,0.0044680,0.0053361,0.0043948,0.0070701,0.0050398,0.0030296,0.0167987,0.0033193,0.0017482,0.0037563,0.0023565,0.0009399,0.0011279,0.0010007,0.0084852,0.0048633,0.0048713,0.0011279
486,Pipeline transportation,0.0022200,0.0005986,0.0247010,0.0020932,0.0006347,0.0250415,0.0012881,0.0011823,0.0017571,0.0016673,0.0010305,0.0006909,0.0002766,0.0009594,0.0007105,0.0004927,0.0009623,0.0007199,0.0014091,0.0015162,0.0006662,0.0017981,0.0012707,0.0281530,0.0029745,0.0015964,0.0006553,0.0008241,0.0017768,0.0007769,0.0007481,0.0042295,0.0016151,0.0038158,0.0034742,0.0035403,1.0012538,0.0034197,0.0013696,0.0003116,0.0003622,0.0005997,0.0005523,0.0004712,0.0007186,0.0002067,0.0008535,0.0001625,0.0018255,0.0007035,0.0002647,0.0003260,0.0004297,0.0004974,0.0006823,0.0015904,0.0013468,0.0005990,0.0010426,0.0009332,0.0006580,0.0006610,0.0054874,0.0010258,0.0011205,0.0007856,0.0009420,0.0004040,0.0060549,0.0020873,0.0269776,0.0015766,0.0004040
487OS,Other transportation and support activities,0.0108156,0.0058145,0.0043506,0.0118918,0.0035077,0.0139819,0.0075803,0.0171100,0.0181111,0.0133794,0.0084843,0.0071676,0.0030431,0.0082226,0.0105039,0.0044629,0.0122336,0.0060202,0.0139642,0.0100296,0.0069549,0.0143934,0.0106791,0.0056506,0.0059958,0.0105335,0.0342886,0.0125087,0.0104239,0.0046329,0.0177641,0.1061641,0.0186285,0.0779520,0.1352285,0.0196465,0.0184352,1.0053727,0.0393109,0.0047960,0.0071594,0.0035617,0.0099713,0.0028643,0.0096735,0.0013116,0.0068469,0.0005419,0.0044781,0.0166324,0.0030252,0.0038892,0.0060724,0.0037460,0.0061765,0.0200583,0.0040250,0.0052512,0.0085241,0.0046142,0.0084264,0.0066032,0.0089801,0.0032875,0.0061196,0.0045784,0.0053400,0.0033982,0.0160704,0.0045335,0.0152578,0.0085542,0.0033982
493,Warehousing and storage,0.0068713,0.0016714,0.0018055,0.0041492,0.0013405,0.0026426,0.0045466,0.0158968,0.0187517,0.0052506,0.0052028,0.0045298,0.0026937,0.0046412,0.0056592,0.0025778,0.0072101,0.0057928,0.0099898,0.0296614,0.0142190,0.0225777,0.0166680,0.0023346,0.0054100,0.0180484,0.0178958,0.0350659,0.0292515,0.0166986,0.0277240,0.0023316,0.0024281,0.0188405,0.0169252,0.0054329,0.0080480,0.0070126,1.0387757,0.0024556,0.0024744,0.0023211,0.0038921,0.0007860,0.0012706,0.0006760,0.0011281,0.0002838,0.0031668,0.0046662,0.0012251,0.0017056,0.0024104,0.0013911,0.0094350,0.0054205,0.0024606,0.0025202,0.0043269,0.0025721,0.0029888,0.0027265,0.0028050,0.0019535,0.0044362,0.0027229,0.0025405,0.0038488,0.0014490,0.0052048,0.0037922,0.0066165,0.0038488
511,"Publishing industries, except internet (includes software)",0.0015420,0.0008078,0.0015198,0.0017628,0.0015009,0.0034690,0.0027547,0.0029952,0.0029667,0.0027945,0.0028356,0.0021270,0.0007940,0.0020351,0.0018976,0.0020474,0.0030695,0.0020572,0.0019967,0.0018184,0.0017277,0.0027579,0.0027866,0.0009240,0.0010108,0.0019418,0.0043950,0.0067282,0.0027742,0.0025905,0.0041643,0.0018089,0.0028866,0.0032306,0.0019755,0.0031008,0.0020941,0.0035048,0.0021271,1.0191209,0.0020888,0.0037019,0.1194109,0.0043280,0.0072080,0.0024111,0.0075392,0.0004063,0.0041955,0.0039309,0.0056509,0.0157697,0.0150379,0.0032805,0.0090171,0.0046338,0.0071594,0.0028750,0.0059962,0.0027277,0.0047219,0.0032046,0.0039401,0.0024354,0.0039227,0.0039692,0.0029882,0.0067212,0.0019571,0.0082569,0.0059476,0.0051899,0.0067212
512,Motion picture and sound recording industries,0.0004380,0.0002422,0.0005324,0.0005782,0.0005191,0.0007096,0.0007121,0.0006074,0.0007644,0.0006595,0.0006674,0.0005016,0.0001913,0.0004835,0.0005012,0.0003673,0.0006822,0.0005166,0.0005695,0.0005101,0.0005154,0.0006190,0.0007367,0.0003294,0.0002906,0.0005538,0.0010626,0.0030282,0.0020599,0.0004919,0.0010044,0.0009835,0.0005815,0.0009770,0.0007705,0.0010975,0.0026877,0.0008924,0.0004422,0.0018408,1.2221989,0.0735750,0.0027110,0.0011756,0.0017455,0.0007234,0.0017208,0.0001138,0.0019790,0.0013131,0.0010170,0.0010944,0.0054886,0.0016313,0.0016295,0.0012613,0.0027727,0.0010239,0.0013387,0.0048395,0.0077066,0.0042840,0.0017134,0.0039969,0.0061601,0.0015420,0.0015676,0.0051195,0.0015259,0.0024049,0.0011826,0.0014340,0.0051195
513,Broadcasting and telecommunications,0.0047771,0.0026737,0.0050358,0.0056240,0.0055273,0.0074492,0.0080458,0.0067345,0.0087258,0.0071710,0.0075579,0.0053725,0.0020877,0.0052265,0.0051238,0.0041748,0.0075547,0.0057324,0.0059546,0.0054693,0.0053448,0.0066996,0.0085860,0.0031314,0.0029773,0.0059618,0.0107745,0.0133512,0.0079698,0.0048406,0.0108231,0.0095580,0.0059879,0.0097274,0.0084081,0.0130430,0.0223530,0.0093707,0.0044166,0.0152834,0.0179393,1.1135037,0.0345416,0.0132749,0.0196629,0.0084252,0.0201516,0.0012143,0.0207556,0.0112549,0.0123039,0.0102196,0.0525227,0.0094954,0.0180339,0.0148124,0.0159596,0.0092773,0.0138935,0.0107378,0.0075472,0.0104501,0.0135291,0.0214890,0.0129313,0.0118358,0.0173309,0.0145614,0.0117335,0.0289375,0.0128569,0.0168836,0.0145614
514,"Data processing, internet publishing, and other information services",0.0057438,0.0032544,0.0063186,0.0082010,0.0067180,0.0173605,0.0112505,0.0160368,0.0183837,0.0142350,0.0148660,0.0112627,0.0031639,0.0112764,0.0087571,0.0088510,0.0178333,0.0111363,0.0097813,0.0097982,0.0086534,0.0160434,0.0131714,0.0039811,0.0046345,0.0101178,0.0146649,0.0335026,0.0155899,0.0103433,0.0220998,0.0089715,0.0093421,0.0155527,0.0085668,0.0152013,0.0123169,0.0114393,0.0073739,0.0781652,0.0104269,0.0175318,0.9452067,0.0255318,0.0298633,0.0101757,0.0377911,0.0021419,0.0188621,0.0156583,0.0179191,0.0216821,0.1053720,0.0155132,0.0453300,0.0260035,0.0252389,0.0100429,0.0193563,0.0118214,0.0117970,0.0172864,0.0200539,0.0118495,0.0243800,0.0209604,0.0179533,0.0234037,0.0112030,0.0281250,0.0281855,0.0212478,0.0234037
521CI,"Federal Reserve banks, credit intermediation, and related activities",0.0248743,0.0146446,0.0210312,0.0286532,0.0267685,0.0234193,0.0182599,0.0216297,0.0225652,0.0228600,0.0203369,0.0167479,0.0145312,0.0213181,0.0218194,0.0102802,0.0248622,0.0241296,0.0215003,0.0198348,0.0441430,0.0217408,0.0211369,0.0120637,0.0143912,0.0213479,0.0307696,0.0250798,0.0228030,0.0205231,0.0229571,0.0239089,0.0891681,0.0445886,0.0244541,0.0560129,0.0476166,0.0234426,0.0119750,0.0229017,0.0302940,0.0358366,0.0249696,1.0485140,0.1578698,0.0081447,0.1173766,0.0510865,0.0735338,0.1320050,0.0134378,0.0137583,0.0207262,0.0583401,0.0193062,0.0220482,0.0169047,0.0171554,0.0223482,0.0197191,0.0158707,0.0208944,0.0287450,0.0279983,0.0330204,0.0260059,0.0073015,0.0415744,0.0195515,0.0181340,0.0293758,0.0197819,0.0415744
523,"Securities, commodity contracts, and investments",0.0052404,0.0023820,0.0107322,0.0359030,0.0895746,0.0091867,0.0057406,0.0046037,0.0078362,0.0179868,0.0145602,0.0106301,0.0026980,0.0100593,0.0102760,0.0047517,0.0151609,0.0099721,0.0052381,0.0043903,0.0067868,0.0050939,0.0044651,0.0049916,0.0033044,0.0048326,0.0078077,0.0048885,0.0055640,0.0046289,0.0054267,0.0178154,0.0162668,0.0261332,0.0075577,0.0416482,0.0108002,0.0136559,0.0038318,0.0039405,0.0103037,0.0058293,0.0044121,0.0809588,1.0528897,0.0153134,0.6412038,0.0043419,0.0179440,0.0233622,0.0042692,0.0040370,0.0050330,0.0272565,0.0058664,0.0058610,0.0047842,0.0062991,0.0188905,0.0074950,0.0145541,0.0131742,0.0094004,0.0055570,0.0253437,0.0092673,0.0023185,0.0047984,0.0044594,0.0042568,0.0228436,0.0082574,0.0047984
524,Insurance carriers and related activities,0.0275686,0.0139696,0.0229242,0.0237707,0.0314591,0.0260732,0.0119667,0.0176319,0.0273956,0.0200255,0.0177006,0.0158613,0.0051877,0.0216495,0.0240989,0.0108215,0.0223437,0.0133728,0.0253169,0.0205908,0.0170957,0.0180051,0.0136101,0.0122665,0.0117787,0.0173138,0.0402279,0.0306414,0.0231982,0.0173216,0.0248349,0.0181836,0.0136330,0.0504089,0.0738541,0.2078528,0.0200371,0.0376331,0.0329940,0.0086333,0.0230742,0.0159666,0.0122207,0.0187723,0.0488063,1.4610166,0.1032462,0.0094600,0.0811563,0.0535145,0.0171290,0.0133200,0.0166371,0.0144960,0.0224743,0.0290612,0.0204793,0.0288557,0.0382703,0.0385821,0.0600499,0.0384504,0.0401322,0.0164849,0.0290655,0.0193034,0.0071168,0.0100116,0.1112519,0.0118190,0.0639067,0.0166014,0.0100116
525,"Funds, trusts, and other financial vehicles",0.0001320,0.0000913,0.0001172,0.0001201,0.0001526,0.0001262,0.0000592,0.0000876,0.0001319,0.0001210,0.0000905,0.0000804,0.0000261,0.0001065,0.0001178,0.0000533,0.0001078,0.0000663,0.0001234,0.0001000,0.0000836,0.0000882,0.0000660,0.0000615,0.0000579,0.0000837,0.0001937,0.0001445,0.0001108,0.0000853,0.0001195,0.0000875,0.0000653,0.0002383,0.0003457,0.0009640,0.0000948,0.0001813,0.0001553,0.0000422,0.0001090,0.0000765,0.0000607,0.0000887,0.0002304,0.0067569,1.0438298,0.0000441,0.0003838,0.0002535,0.0000812,0.0000635,0.0000798,0.0001756,0.0001093,0.0002138,0.0002526,0.0001592,0.0003201,0.0001833,0.0002868,0.0001915,0.0001982,0.0000823,0.0001439,0.0001052,0.0000344,0.0000480,0.0005160,0.0007521,0.0002996,0.0003747,0.0000480
HS,Housing,0.0000000,0.0000000,0.0000000,0.0000000,0.0000000,0.0000000,0.0000000,0.0000000,0.0000000,0.0000000,0.0000000,0.0000000,0.0000000,0.0000000,0.0000000,0.0000000,0.0000000,0.0000000,0.0000000,0.0000000,0.0000000,0.0000000,0.0000000,0.0000000,0.0000000,0.0000000,0.0000000,0.0000000,0.0000000,0.0000000,0.0000000,0.0000000,0.0000000,0.0000000,0.0000000,0.0000000,0.0000000,0.0000000,0.0000000,0.0000000,0.0000000,0.0000000,0.0000000,0.0000000,0.0000000,0.0000000,0.0000000,0.9968701,0.0000000,0.0000000,0.0000000,0.0000000,0.0000000,0.0000000,0.0000000,0.0000000,0.0000000,0.0000000,0.0000000,0.0000000,0.0000000,0.0000000,0.0000000,0.0000000,0.0000000,0.0000000,0.0000000,0.0000000,0.0000000,0.0000000,0.0000000,0.0000000,0.0000000
ORE,Other real estate,0.0266744,0.0085052,0.0265522,0.0268570,0.0246100,0.0275904,0.0385672,0.0283141,0.0316614,0.0281541,0.0394932,0.0240314,0.0082702,0.0275014,0.0253699,0.0137730,0.0417822,0.0248866,0.0328348,0.0332361,0.0263421,0.0372879,0.0537405,0.0148649,0.0152430,0.0348242,0.0741467,0.0990820,0.1356314,0.0892573,0.1339946,0.0218223,0.0230860,0.0580600,0.0525730,0.0672669,0.0263308,0.0444785,0.0844728,0.0401774,0.0541682,0.0799129,0.0475139,0.0456129,0.0956301,0.0431556,0.0721564,0.0074481,1.1313938,0.0639077,0.0644164,0.0299383,0.0703957,0.0905580,0.0516609,0.0565017,0.0976187,0.0706653,0.1056477,0.1497240,0.0812070,0.1037215,0.1321229,0.0500365,0.0979924,0.1307741,0.0183192,0.0384287,0.0235155,0.0253156,0.0378121,0.0340149,0.0384287
532RL,Rental and leasing services and lessors of intangible assets,0.0161909,0.0057027,0.0212170,0.0358625,0.0303768,0.0101583,0.0231336,0.0126096,0.0215064,0.0179082,0.0169109,0.0132449,0.0051216,0.0146725,0.0248088,0.0088505,0.0136721,0.0131313,0.0192509,0.0122794,0.1053307,0.0197551,0.0147051,0.0114177,0.0125381,0.0153091,0.0245359,0.0101326,0.0115915,0.0215331,0.0141238,0.0604327,0.0991308,0.1591367,0.0658957,0.0195054,0.0058546,0.0180056,0.0108290,0.0116065,0.0113243,0.0190145,0.0298774,0.0089240,0.0239927,0.0056719,0.0172689,0.0033334,0.0132687,0.9637283,0.0091501,0.0108378,0.0161850,0.0507333,0.0158605,0.0287831,0.0104119,0.0115216,0.0111527,0.0087771,0.0083759,0.0220551,0.0202159,0.0124599,0.0356135,0.0086861,0.0075160,0.0053974,0.0090310,0.0103557,0.0151298,0.0155549,0.0053974
5411,Legal services,0.0051367,0.0027608,0.0066654,0.0107636,0.0066630,0.0116142,0.0088941,0.0091649,0.0089754,0.0094802,0.0105660,0.0067419,0.0027504,0.0057495,0.0073803,0.0043278,0.0095106,0.0100104,0.0066070,0.0073601,0.0077675,0.0102723,0.0095794,0.0037034,0.0039895,0.0091483,0.0131068,0.0072942,0.0067934,0.0054840,0.0088479,0.0042232,0.0154577,0.0098917,0.0052987,0.0101953,0.0050119,0.0057438,0.0053706,0.0130466,0.0113100,0.0088857,0.0162059,0.0102914,0.0268802,0.0176936,0.0293449,0.0018962,0.0149645,0.0080733,1.0096153,0.0089728,0.0195426,0.0201165,0.0112291,0.0092586,0.0067506,0.0083317,0.0217288,0.0111598,0.0075010,0.0186291,0.0180488,0.0057185,0.0086356,0.0118175,0.0039747,0.0035375,0.0042262,0.0107888,0.0122455,0.0101699,0.0035375
5415,Computer systems design and related services,0.0040683,0.0018590,0.0173938,0.0086405,0.0037150,0.0088082,0.0063118,0.0058167,0.0061914,0.0060351,0.0079013,0.0071110,0.0021583,0.0042314,0.0047560,0.0069122,0.0063618,0.0045524,0.0049573,0.0043428,0.0035013,0.0054683,0.0071168,0.0073341,0.0027881,0.0049783,0.0104641,0.0147094,0.0055209,0.0061587,0.0071472,0.0038042,0.0148859,0.0060524,0.0048337,0.0076180,0.0031177,0.0047615,0.0030954,0.0427226,0.0050289,0.0073585,0.0219118,0.0082984,0.0209219,0.0082219,0.0193380,0.0011087,0.0090454,0.0053802,0.0098172,0.9893225,0.0089661,0.0057944,0.0156287,0.0080321,0.0098388,0.0055630,0.0098914,0.0067906,0.0080889,0.0052399,0.0103593,0.0053781,0.0081522,0.0069819,0.0105036,0.0296321,0.0033142,0.0141898,0.0195510,0.0100673,0.0296321
5412OP,"Miscellaneous professional, scientific, and technical services",0.0263201,0.0131845,0.0300258,0.0389926,0.0278984,0.0515804,0.0509822,0.0372031,0.0415302,0.0399650,0.0369759,0.0281597,0.0106671,0.0313439,0.0309357,0.0190293,0.0470433,0.0320270,0.0373825,0.0332406,0.0266350,0.0385552,0.0365631,0.0177390,0.0183274,0.0372554,0.0740214,0.0950333,0.0514175,0.0296694,0.0753535,0.0224884,0.0420948,0.0600023,0.0316505,0.0529808,0.0571487,0.0287263,0.0310073,0.0669334,0.0568234,0.0656764,0.1037279,0.0574180,0.0915681,0.0499684,0.0790515,0.0068187,0.0720886,0.0527126,0.0353039,0.0682594,0.9336238,0.0795970,0.0644985,0.0444238,0.0478883,0.0390055,0.0595552,0.0491784,0.0413986,0.0623429,0.0740061,0.0367638,0.0506166,0.0561077,0.1089605,0.0368885,0.0294619,0.0481073,0.1002850,0.0421552,0.0368885
55,Management of companies and enterprises,0.0165687,0.0052116,0.0937774,0.0866743,0.0372703,0.0109674,0.0231481,0.0185067,0.0359025,0.0252521,0.0255285,0.0401449,0.0153423,0.0290252,0.0355371,0.0215196,0.0216244,0.0309933,0.0458175,0.0365848,0.0354582,0.0280854,0.0201732,0.0389857,0.0263158,0.0245442,0.0629306,0.0170579,0.0216182,0.0426860,0.0335034,0.0272629,0.0124682,0.0431056,0.0252566,0.0161634,0.0071746,0.0305907,0.0176976,0.0168518,0.0098699,0.0142452,0.0148906,0.0134184,0.0369407,0.0109301,0.0345767,0.0019501,0.0456756,0.0474031,0.0141298,0.0126673,0.0181757,1.0110367,0.0268311,0.0429187,0.0288123,0.0474663,0.0224004,0.0353350,0.0182321,0.0224923,0.0253984,0.0263086,0.0793309,0.0228802,0.0090024,0.0071848,0.0071157,0.0104820,0.0184953,0.0219939,0.0071848
561,Administrative and support services,0.0168521,0.0070078,0.0179110,0.0233514,0.0220357,0.0308995,0.0233692,0.0247645,0.0286526,0.0375593,0.0440647,0.0212871,0.0086720,0.0221251,0.0240839,0.0248187,0.0255851,0.0224539,0.0234123,0.0213178,0.0459153,0.0281484,0.0493561,0.0121505,0.0139776,0.0246260,0.0509814,0.0443725,0.0358679,0.0319558,0.0434814,0.0380488,0.0331793,0.1525785,0.0447124,0.1153838,0.0596496,0.0488218,0.0489636,0.0642878,0.0286206,0.0584123,0.0724241,0.0336692,0.0532934,0.0262005,0.0408092,0.0046570,0.1544943,0.0915840,0.0365598,0.0684698,0.0719743,0.0490678,1.0768038,0.0583838,0.0455926,0.0423087,0.0734444,0.0700970,0.0330371,0.0515584,0.0494813,0.0318213,0.0392688,0.0438335,0.0256842,0.0393279,0.0186920,0.0346345,0.0510496,0.0384268,0.0393279
562,Waste management and remediation services,0.0021050,0.0011358,0.0040952,0.0026150,0.0028470,0.0059444,0.0032100,0.0027921,0.0038203,0.0126652,0.0050222,0.0028529,0.0008451,0.0031884,0.0027403,0.0015362,0.0037047,0.0021891,0.0032750,0.0030567,0.0018946,0.0038730,0.0035354,0.0020711,0.0026132,0.0032370,0.0038228,0.0056039,0.0060140,0.0037237,0.0053599,0.0018004,0.0032434,0.0033024,0.0043660,0.0045169,0.0050982,0.0046736,0.0042677,0.0018092,0.0024086,0.0032082,0.0022914,0.0021310,0.0038611,0.0029721,0.0042362,0.0004408,0.0362223,0.0046078,0.0029488,0.0018143,0.0033750,0.0041093,0.0047786,0.9364436,0.0068245,0.0042635,0.0074055,0.0078249,0.0045649,0.0045606,0.0091897,0.0050220,0.0053585,0.0105262,0.0013496,0.0031200,0.0032649,0.0109417,0.0140888,0.1165935,0.0031200
61,Educational services,0.0001431,0.0001824,0.0000794,0.0000986,0.0000837,0.0001309,0.0001597,0.0001635,0.0001378,0.0002888,0.0001602,0.0001292,0.0000539,0.0001337,0.0001694,0.0000786,0.0001385,0.0000958,0.0001566,0.0001172,0.0000957,0.0001531,0.0001518,0.0000637,0.0000891,0.0001368,0.0006413,0.0006407,0.0014187,0.0000834,0.0013421,0.0003850,0.0001270,0.0002156,0.0001821,0.0001981,0.0001093,0.0001448,0.0000798,0.0000928,0.0015468,0.0009638,0.0001322,0.0001419,0.0001651,0.0000624,0.0001703,0.0000402,0.0002567,0.0001803,0.0000883,0.0001139,0.0001727,0.0002405,0.0003885,0.0005980,0.7845439,0.0002218,0.0008767,0.0001385,0.0002193,0.0189431,0.0025092,0.0001341,0.0002350,0.0029788,0.0001031,0.0002017,0.0012205,0.0036381,0.0001766,0.0016322,0.0002017
621,Ambulatory health care services,0.0000321,0.0002649,0.0000171,0.0000154,0.0000366,0.0000525,0.0000202,0.0000471,0.0000209,0.0002671,0.0000679,0.0000332,0.0000070,0.0000383,0.0000313,0.0000145,0.0000282,0.0000167,0.0000203,0.0000140,0.0000145,0.0000261,0.0000177,0.0000094,0.0000092,0.0000170,0.0000224,0.0000232,0.0000218,0.0000129,0.0000222,0.0000119,0.0000174,0.0000259,0.0000239,0.0000292,0.0000246,0.0000491,0.0000160,0.0000162,0.0000827,0.0000592,0.0000417,0.0000150,0.0000219,0.0000109,0.0000211,0.0000036,0.0000616,0.0000254,0.0000127,0.0000181,0.0000701,0.0000249,0.0001312,0.0007662,0.0015694,0.9814851,0.0134012,0.0004367,0.0000834,0.0009223,0.0001348,0.0000410,0.0000235,0.0002102,0.0000157,0.0039854,0.0000139,0.0070206,0.0000341,0.0029846,0.0039854
622,Hospitals,0.0000001,0.0000005,0.0000000,0.0000000,0.0000001,0.0000001,0.0000000,0.0000001,0.0000000,0.0000005,0.0000001,0.0000001,0.0000000,0.0000001,0.0000001,0.0000000,0.0000001,0.0000000,0.0000000,0.0000000,0.0000000,0.0000001,0.0000000,0.0000000,0.0000000,0.0000000,0.0000000,0.0000000,0.0000000,0.0000000,0.0000000,0.0000000,0.0000000,0.0000001,0.0000000,0.0000001,0.0000000,0.0000001,0.0000000,0.0000000,0.0000002,0.0000001,0.0000001,0.0000000,0.0000000,0.0000000,0.0000000,0.0000000,0.0000001,0.0000001,0.0000000,0.0000000,0.0000001,0.0000000,0.0000003,0.0000015,0.0000032,0.0019746,0.8001405,0.0000009,0.0000002,0.0000019,0.0000003,0.0000001,0.0000000,0.0000004,0.0000000,0.0000080,0.0000000,0.0000141,0.0000001,0.0000060,0.0000080
623,Nursing and residential care facilities,0.0000036,0.0000340,0.0000016,0.0000012,0.0000041,0.0000058,0.0000018,0.0000053,0.0000018,0.0000335,0.0000077,0.0000036,0.0000006,0.0000043,0.0000033,0.0000013,0.0000028,0.0000015,0.0000018,0.0000011,0.0000010,0.0000025,0.0000012,0.0000008,0.0000008,0.0000014,0.0000012,0.0000013,0.0000016,0.0000008,0.0000015,0.0000007,0.0000012,0.0000008,0.0000020,0.0000016,0.0000018,0.0000052,0.0000011,0.0000006,0.0000016,0.0000015,0.0000034,0.0000007,0.0000010,0.0000006,0.0000011,0.0000003,0.0000047,0.0000013,0.0000006,0.0000007,0.0000012,0.0000011,0.0000033,0.0000974,0.0002015,0.0000270,0.0001832,0.9911082,0.0000361,0.0000148,0.0000129,0.0000043,0.0000014,0.0000175,0.0000007,0.0087266,0.0000012,0.0009060,0.0000028,0.0003846,0.0087266
624,Social assistance,0.0000001,0.0000006,0.0000000,0.0000000,0.0000001,0.0000001,0.0000000,0.0000001,0.0000000,0.0000006,0.0000001,0.0000001,0.0000000,0.0000001,0.0000001,0.0000000,0.0000000,0.0000000,0.0000000,0.0000000,0.0000000,0.0000000,0.0000000,0.0000000,0.0000000,0.0000000,0.0000000,0.0000000,0.0000000,0.0000000,0.0000000,0.0000000,0.0000000,0.0000000,0.0000000,0.0000000,0.0000000,0.0000001,0.0000000,0.0000000,0.0000000,0.0000000,0.0000001,0.0000000,0.0000000,0.0000000,0.0000000,0.0000000,0.0000001,0.0000000,0.0000000,0.0000000,0.0000000,0.0000000,0.0000001,0.0000017,0.0000035,0.0000005,0.0000032,0.0088933,0.9907391,0.0000003,0.0000002,0.0000001,0.0000000,0.0000003,0.0000000,0.0000783,0.0000000,0.0000158,0.0000000,0.0000067,0.0000783
711AS,"Performing arts, spectator sports, museums, and related activities",0.0016242,0.0005915,0.0016942,0.0018561,0.0015456,0.0014650,0.0017434,0.0019538,0.0021265,0.0021377,0.0019875,0.0016245,0.0006101,0.0014966,0.0017558,0.0009911,0.0019914,0.0014977,0.0020128,0.0016157,0.0015444,0.0021300,0.0022686,0.0009808,0.0010031,0.0020288,0.0047849,0.0044702,0.0039041,0.0019351,0.0031470,0.0016436,0.0034314,0.0025919,0.0020175,0.0026868,0.0020955,0.0027827,0.0014183,0.0024883,0.0928084,0.0546683,0.0040390,0.0047172,0.0049606,0.0015636,0.0062657,0.0003790,0.0091966,0.0036136,0.0035034,0.0038858,0.0068062,0.0099848,0.0050501,0.0035987,0.0040666,0.0035353,0.0047153,0.0042677,0.0078956,1.1554593,0.0082642,0.0034591,0.0080036,0.0050879,0.0017917,0.0020681,0.0016537,0.0034856,0.0023463,0.0027888,0.0020681
713,"Amusements, gambling, and recreation industries",0.0005863,0.0002138,0.0005208,0.0005892,0.0007044,0.0005588,0.0006775,0.0006779,0.0008386,0.0006759,0.0006323,0.0005130,0.0001851,0.0004266,0.0005396,0.0002925,0.0006891,0.0004835,0.0006185,0.0004212,0.0004711,0.0006444,0.0007520,0.0002887,0.0003100,0.0006237,0.0013509,0.0004466,0.0007407,0.0003336,0.0011259,0.0003737,0.0004682,0.0007269,0.0003892,0.0005245,0.0003112,0.0004794,0.0002635,0.0006295,0.0006045,0.0005689,0.0012005,0.0015804,0.0017501,0.0003406,0.0017269,0.0001138,0.0007338,0.0013495,0.0009942,0.0020708,0.0010142,0.0033590,0.0017659,0.0013892,0.0011475,0.0016392,0.0007790,0.0009289,0.0012626,0.0011362,0.8149736,0.0015928,0.0018819,0.0005759,0.0030822,0.0003536,0.0002219,0.0017550,0.0007879,0.0011784,0.0003536
721,Accommodation,0.0011885,0.0005230,0.0013410,0.0016837,0.0026350,0.0025997,0.0017063,0.0024980,0.0029202,0.0024248,0.0025194,0.0017637,0.0005845,0.0015902,0.0018643,0.0009845,0.0027641,0.0018389,0.0018240,0.0016117,0.0018049,0.0025208,0.0037379,0.0008237,0.0009881,0.0025190,0.0036921,0.0022931,0.0023960,0.0017888,0.0025728,0.0014553,0.0021661,0.0030532,0.0018016,0.0024887,0.0016133,0.0026500,0.0016415,0.0029773,0.0031857,0.0029052,0.0067096,0.0075939,0.0085274,0.0017012,0.0081773,0.0005153,0.0128514,0.0064756,0.0041911,0.0098864,0.0045221,0.0038008,0.0064677,0.0064099,0.0047787,0.0054436,0.0030219,0.0039974,0.0035066,0.0029247,0.0042013,0.9988434,0.0061610,0.0031533,0.0072880,0.0061752,0.0013420,0.0031559,0.0028265,0.0032071,0.0061752
722,Food services and drinking places,0.0043981,0.0022645,0.0035622,0.0043810,0.0057676,0.0061731,0.0040568,0.0053124,0.0058374,0.0055243,0.0052054,0.0038175,0.0013420,0.0037901,0.0042304,0.0022709,0.0054047,0.0036902,0.0048503,0.0042350,0.0047034,0.0055497,0.0063823,0.0021806,0.0023671,0.0050937,0.0098539,0.0089209,0.0092750,0.0079232,0.0098646,0.0402873,0.0045580,0.0085874,0.0075947,0.0080613,0.0046200,0.0105556,0.0062480,0.0051191,0.0060567,0.0060372,0.0090167,0.0131066,0.0131616,0.0058614,0.0154475,0.0010297,0.0381904,0.0170896,0.0090577,0.0151340,0.0116083,0.0136279,0.0151572,0.0102411,0.0105232,0.0294277,0.0276574,0.0417756,0.0204544,0.0089573,0.0158930,0.0461646,1.0139921,0.0085367,0.0055710,0.0056171,0.0058419,0.0126111,0.0071767,0.0097518,0.0056171
81,"Other services, except government",0.0054489,0.0031396,0.0044064,0.0063010,0.0056403,0.0077846,0.0091390,0.0087347,0.0141247,0.0132362,0.0106303,0.0069257,0.0031647,0.0068787,0.0074057,0.0045092,0.0076464,0.0061505,0.0084633,0.0072231,0.0060488,0.0127591,0.0090044,0.0036886,0.0055007,0.0088202,0.0135099,0.0114590,0.0116803,0.0095891,0.0090580,0.0066513,0.0064615,0.0191627,0.0245828,0.0321868,0.0136954,0.0126886,0.0083977,0.0062813,0.0043220,0.0105797,0.0073483,0.0079788,0.0127634,0.0069137,0.0103120,0.0090675,0.0123519,0.0218669,0.0045578,0.0065716,0.0083816,0.0136326,0.0207220,0.0434083,0.0155746,0.0089271,0.0183955,0.0104499,0.0073265,0.0100754,0.0149821,0.0084004,0.0150491,1.0075982,0.0099835,0.0305357,0.0083186,0.0228119,0.0189757,0.0192751,0.0305357
GFGD,Federal general government (defense),0.0000000,0.0000000,0.0000000,0.0000000,0.0000000,0.0000000,0.0000000,0.0000000,0.0000000,0.0000000,0.0000000,0.0000000,0.0000000,0.0000000,0.0000000,0.0000000,0.0000000,0.0000000,0.0000000,0.0000000,0.0000000,0.0000000,0.0000000,0.0000000,0.0000000,0.0000000,0.0000000,0.0000000,0.0000000,0.0000000,0.0000000,0.0000000,0.0000000,0.0000000,0.0000000,0.0000000,0.0000000,0.0000000,0.0000000,0.0000000,0.0000000,0.0000000,0.0000000,0.0000000,0.0000000,0.0000000,0.0000000,0.0000000,0.0000000,0.0000000,0.0000000,0.0000000,0.0000000,0.0000000,0.0000000,0.0000000,0.0000000,0.0000000,0.0000000,0.0000000,0.0000000,0.0000000,0.0000000,0.0000000,0.0000000,0.0000000,1.0000000,0.0000000,0.0000000,0.0000000,0.0000000,0.0000000,0.0000000
GFGN,Federal general government (nondefense),-0.0000004,-0.0000001,-0.0000003,-0.0000005,-0.0000001,-0.0000119,-0.0000002,-0.0000003,-0.0000005,-0.0000004,-0.0000003,-0.0000002,-0.0000001,-0.0000002,-0.0000002,-0.0000002,-0.0000002,-0.0000001,-0.0000003,-0.0000003,-0.0000002,-0.0000005,-0.0000003,-0.0000002,-0.0000003,-0.0000003,-0.0000001,-0.0000002,-0.0000004,-0.0000003,-0.0000002,-0.0000001,-0.0000001,-0.0000001,-0.0000002,-0.0000001,-0.0000004,-0.0000001,-0.0000002,-0.0000001,-0.0000001,-0.0000002,-0.0000002,-0.0000001,-0.0000001,0.0000000,-0.0000002,0.0000000,-0.0000004,-0.0000001,-0.0000001,-0.0000001,-0.0000001,-0.0000001,-0.0000001,-0.0000002,-0.0000002,-0.0000001,-0.0000002,-0.0000002,-0.0000001,-0.0000001,-0.0000003,-0.0000003,-0.0000003,-0.0000002,-0.0000001,0.9999999,-0.0000004,-0.0000002,-0.0000003,-0.0000003,0.9999999
GFE,Federal government enterprises,0.0025458,0.0007931,0.0015186,0.0022449,0.0011700,0.0241147,0.0016219,0.0022106,0.0025149,0.0029200,0.0023061,0.0021703,0.0008797,0.0026709,0.0024238,0.0011863,0.0020031,0.0013460,0.0025892,0.0020984,0.0017695,0.0026226,0.0022960,0.0011974,0.0016207,0.0022155,0.0090477,0.0039491,0.0034492,0.0020795,0.0050006,0.0017066,0.0013901,0.0377387,0.0060898,0.0049316,0.0035541,0.0041812,0.0043376,0.0013467,0.0022863,0.0014714,0.0027917,0.0018879,0.0047215,0.0046797,0.0036266,0.0002132,0.0029755,0.0052580,0.0011546,0.0014097,0.0018157,0.0015386,0.0020185,0.0026602,0.0018158,0.0021583,0.0042377,0.0025243,0.0028823,0.0019585,0.0022696,0.0057140,0.0092692,0.0016576,0.0011786,0.0010184,1.0029086,0.0021708,0.0023372,0.0023183,0.0010184
GSLG,State and local general government,0.0039663,0.0376324,0.0017835,0.0013616,0.0045426,0.0065084,0.0019522,0.0058659,0.0019724,0.0371056,0.0085761,0.0040398,0.0007211,0.0047425,0.0036919,0.0014664,0.0030877,0.0016588,0.0020435,0.0012491,0.0010697,0.0027478,0.0013045,0.0009292,0.0008521,0.0015551,0.0013829,0.0014836,0.0017740,0.0009303,0.0016489,0.0008115,0.0013442,0.0008462,0.0021826,0.0017316,0.0019872,0.0057868,0.0012004,0.0006854,0.0018034,0.0017074,0.0037761,0.0007397,0.0011377,0.0006281,0.0011768,0.0002832,0.0052544,0.0014911,0.0006900,0.0007471,0.0013070,0.0012008,0.0037096,0.1078130,0.2231069,0.0298491,0.2028363,0.0015758,0.0103439,0.0163603,0.0142719,0.0047542,0.0015428,0.0194194,0.0008198,0.0014138,0.0012862,1.0033900,0.0030620,0.4258796,0.0014138
GSLE,State and local government enterprises,0.0102278,0.0024394,0.0076242,0.0119139,0.0030303,0.2406929,0.0054490,0.0085830,0.0147678,0.0119138,0.0089308,0.0055398,0.0023481,0.0065982,0.0059695,0.0046939,0.0079190,0.0048799,0.0097498,0.0098764,0.0059235,0.0147417,0.0096284,0.0049767,0.0080521,0.0103707,0.0082318,0.0097474,0.0383441,0.0090221,0.0097416,0.0111809,0.0059544,0.0208051,0.0163273,0.0821895,0.0121071,0.0701303,0.0109533,0.0033926,0.0047455,0.0070233,0.0061210,0.0044245,0.0066515,0.0029715,0.0078256,0.0037920,0.0370362,0.0093293,0.0046267,0.0037307,0.0053722,0.0070311,0.0063499,0.0154497,0.0099428,0.0062391,0.0095555,0.0119961,0.0071104,0.0094789,0.1799325,0.0116194,0.0120297,0.0118569,0.0067631,0.0042188,0.0111787,0.0097140,0.9746957,0.0102165,0.0042188
T007,Total Commodity Output Requirements,2.0952021,1.4009623,1.6733890,1.8165846,1.5157518,1.6026723,1.7228590,2.0624492,1.9192026,2.0698330,1.9706880,1.7656576,1.3098672,1.8490479,2.1152584,1.6007049,1.9239730,1.5875999,2.3005832,1.9676673,1.6853352,2.0428935,1.7932602,1.7376174,1.6301852,1.9713158,1.6668922,1.6173001,1.5737072,1.4301728,1.6108738,1.6231304,1.6954317,2.0951224,1.8628850,1.8948795,1.5242154,1.6703846,1.5122440,1.5171190,1.6753773,1.7326878,1.6062767,1.4725283,1.8129195,1.7402318,2.4109205,1.1587716,1.9985278,1.6973216,1.3229903,1.3868962,1.5209204,1.5783359,1.5969784,1.7674477,1.5816202,1.5318463,1.7188654,1.6668200,1.6132341,1.7356078,1.7769789,1.5047807,1.7900456,1.6274448,1.5651865,1.4551596,1.4971165,1.6125421,2.0603648,1.8068455,1.4551596

Legend/Footnotes
Note. Detail may not add to total due to rounding.
